date,open,high,low,close,volume,ticker,company,daily_return,return_3d,return_7d,ma5,ma20,ma50,volatility_7d,volatility_20d,vol_ma10,vol_ratio,price_vs_ma20,rsi,bb_upper,bb_lower,bb_width
2026-04-03,39.35,39.66,38.91,39.28,1746189,BAFL,Bank Alfalah,-0.006324310650139164,-0.016770963704630826,-0.06320057238254229,39.592,40.4435,47.718199999999996,0.02086753503262549,0.02720833520790456,3209192.8,0.54412093907228,-0.02876852893471709,47.942157878621785,42.23452176071813,38.65247823928187,0.08856907837718528
2026-04-06,38.87,39.56,38.0,38.78,5070469,BAFL,Bank Alfalah,-0.012729124236252498,-0.0030848329048842604,-0.06935445164386855,39.288,40.394,47.413599999999995,0.020862577799188174,0.021081851627842773,3272514.3,1.5494108001300404,-0.039956429171660174,43.63438513483335,42.31351090261571,38.474489097384286,0.09503940696975754
2026-04-07,39.34,40.41,38.49,39.45,2214282,BAFL,Bank Alfalah,0.017276946879835053,-0.002023779408044435,-0.064278937381404,39.188,40.3405,47.10979999999999,0.021901290538725235,0.02100608716682095,3475042.4,0.6371956785333035,-0.022074590051633505,41.13636357091945,42.30435737503289,38.376642624967104,0.09736405721219185
2026-04-08,38.36,39.11,37.83,38.47,3752286,BAFL,Bank Alfalah,-0.024841571609632518,-0.02062118126272916,-0.04540942928039693,39.102000000000004,40.251,46.784800000000004,0.017567974934503728,0.02164460998582075,3203135.7,1.1714414721799014,-0.04424734789087853,37.242798300267566,42.38600055466467,38.115999445335326,0.10608434844409478
2026-04-09,38.11,38.81,37.08,37.94,7473259,BAFL,Bank Alfalah,-0.013776969066805367,-0.02166064981949467,-0.05031289111389248,38.784000000000006,40.166,46.438,0.0177784435953268,0.021594903810491776,3541615.1,2.1101273822782147,-0.05542000696969027,37.90575910673501,42.52684195507439,37.805158044925605,0.1175542476231447
2026-04-10,37.81,38.58,37.21,37.9,2012829,BAFL,Bank Alfalah,-0.0010542962572482883,-0.03929024081115351,-0.02570694087403602,38.508,40.009,46.0666,0.015704148744548067,0.01974174285045696,3616996.0,0.5564919065434408,-0.05271313954228521,31.45809409409719,42.53683993497204,37.48116006502796,0.12636356494333081
2026-04-13,38.32,38.59,37.76,38.17,9233619,BAFL,Bank Alfalah,0.0071240105540897325,-0.007798284377436904,-0.03440424993675684,38.386,39.935,45.6836,0.014088848152926624,0.018545739243978183,4482746.6,2.059812838851966,-0.044196819831120664,34.0883351667909,42.59051660153914,37.27948339846086,0.1329919419793487
2026-04-14,37.87,38.7,37.32,38.01,14768893,BAFL,Bank Alfalah,-0.004191773644223296,0.0018450184501845879,-0.032331975560081494,38.098,39.838,45.2908,0.014076058444048018,0.018421292111655285,5368992.3,2.7507755971264847,-0.0458858376413002,25.621890502648455,42.62945764601059,37.04654235398941,0.1401404511240786
2026-04-15,38.7,39.07,38.4,38.73,3023848,BAFL,Bank Alfalah,0.018942383583267608,0.02189973614775731,-0.0012893243940176324,38.15,39.724000000000004,44.925,0.01598755016590303,0.01786525941664346,5105888.2,0.5922276167347337,-0.02502265632803807,32.70588229907264,42.50011163130574,36.947888368694265,0.13976999452400835
2026-04-16,39.62,40.4,38.79,39.59,8223717,BAFL,Bank Alfalah,0.022205009036922352,0.03720199109248101,0.003548795944233296,38.48,39.656,44.5806,0.016958010162190954,0.018715399018971304,5751939.1,1.4297294976575812,-0.0016643130925542437,35.51296499468084,42.37163426729033,36.940365732709665,0.13695956562547176
2026-04-17,38.64,39.27,38.66,38.96,2184642,BAFL,Bank Alfalah,-0.01591310937105339,0.024993422783478048,0.012737197816480528,38.692,39.591499999999996,44.2332,0.014938418791799123,0.018665474122185714,5795784.4,0.37693638155346143,-0.015950393392118137,41.230366416593625,42.30900872753112,36.87399127246887,0.13727738163305192
2026-04-03,147.19,147.54,144.32,145.93,854365,EFERT,Engro Fertilizers,-0.0032103825136612363,0.008848945731074975,0.0096865702622293,145.71800000000002,145.34449999999998,135.11860000000001,0.015305416425719037,0.024920973461152157,2642963.6,0.3232602219720316,0.004028360206241009,40.92417665118873,153.0730975441863,137.61590245581365,0.10634867565175367
2026-04-06,147.32,151.0,145.37,148.19,3447356,EFERT,Engro Fertilizers,0.015486877269923927,0.017648674632605443,0.005973796755142091,146.15800000000002,145.7555,135.50979999999998,0.0146314753152793,0.025019021820945526,2212830.7,1.557894148883599,0.016702628717154982,41.727524538298034,153.14762233608064,138.36337766391938,0.10143181335908308
2026-04-07,148.16,150.67,145.45,148.06,9415461,EFERT,Engro Fertilizers,-0.0008772521762602237,0.011338797814207657,0.030699617124956502,146.84,146.0435,135.9318,0.009492577657079736,0.02482786083965233,3072198.7,3.0647304811371727,0.013807529948174349,49.28613918233178,153.31663521044928,138.7703647895507,0.09960231315189629
2026-04-08,147.76,149.42,145.01,147.22,1040189,EFERT,Engro Fertilizers,-0.005673375658516888,0.008839854724868035,0.00842523460510991,147.16,146.2335,136.37679999999997,0.008469809060597954,0.02485206593927366,3046551.8,0.3414315817640126,0.006746060239228772,63.58403680390728,153.4160410398742,139.0509589601258,0.09823386624576556
2026-04-09,149.38,152.07,146.72,149.4,1629544,EFERT,Engro Fertilizers,0.014807770683331167,0.008165193332883458,0.032837884548911234,147.76,146.6055,136.83780000000002,0.008408840826831968,0.024856602481954024,2962991.4,0.5499658217030261,0.019061358543717242,59.788135557752796,153.62492410293365,139.58607589706637,0.09575935558878435
2026-04-10,152.09,155.08,149.43,152.25,657814,EFERT,Engro Fertilizers,0.01907630522088355,0.028299338106173133,0.04552946023897819,149.024,146.752,137.344,0.010050870978062848,0.02241755270732554,2404286.4,0.2736005161448319,0.037464566070394445,72.4786324352692,154.1234401934981,139.3805598065019,0.1004611888553188
2026-04-13,161.5,164.16,157.5,160.83,2401194,EFERT,Engro Fertilizers,0.05635467980295572,0.09244667844042942,0.0985655737704918,151.552,147.1415,138.0292,0.021317171711934438,0.025107961868984126,2579172.6,0.9309939164211031,0.09302949881513356,79.13156185651843,156.47421613874116,137.80878386125886,0.12685362237951525
2026-04-14,163.16,166.63,161.28,163.95,2042058,EFERT,Engro Fertilizers,0.019399365789964484,0.0973895582329316,0.12348386212567664,154.73000000000002,147.601,138.7584,0.019998360186282347,0.025317977417607843,2456090.4,0.8314262374055936,0.1107648322158334,80.0619194699422,159.15393883777966,136.04806116222034,0.15654282610146805
2026-04-15,163.81,166.76,160.39,163.57,583723,EFERT,Engro Fertilizers,-0.0023177798109179637,0.07435139573070604,0.10378568054524595,158.0,148.35250000000002,139.5178,0.021303527870108543,0.023232618884568113,2394823.2,0.24374367176666725,0.10257663335567244,77.19063541536225,161.93899929738708,134.76600070261296,0.18316508717137198
2026-04-16,165.45,167.56,163.55,165.56,304364,EFERT,Engro Fertilizers,0.012166045118298108,0.029409935957221744,0.11819532621910045,161.23200000000003,149.6235,140.2876,0.02029140557488305,0.018165920751108018,2237606.8,0.1360221107658414,0.10651067512719249,88.80623445826117,164.6544200965002,134.59257990349982,0.20091656853902928
2026-04-17,164.92,168.33,161.49,164.91,1784115,EFERT,Engro Fertilizers,-0.0039260690988162095,0.005855443732845522,0.12016030430648006,163.764,150.63,141.0944,0.019985071903145624,0.017399302101223132,2330581.8,0.7655234413999111,0.09480183230369249,85.64431042957722,166.93703690532354,134.32296309467645,0.21651778404322228
2026-04-03,275.44,278.89,270.61,274.75,2453538,ENGRO,Engro Corporation,0.004607115433836739,0.019934664785804523,-7.278815008915362e-05,271.818,293.286,282.0278,0.01409644990586941,0.03864987058163674,8516100.0,0.2881058230880332,-0.06320110745121417,26.31119833858517,343.13697724851136,243.43502275148867,0.33994788191963726
2026-04-06,276.83,279.12,272.23,275.67,1815945,ENGRO,Engro Corporation,0.0033484986351228763,0.016707236114184676,-0.012961437931898745,272.886,291.854,281.8866,0.012317481176829816,0.03487872474721045,8179368.6,0.22201530323501986,-0.05545238372591953,31.34384383835321,342.01605754195214,241.6919424580478,0.34374761039273266
2026-04-07,263.91,269.02,259.62,264.32,575824,ENGRO,Engro Corporation,-0.04117241629484536,-0.03352956232403381,-0.027019067952587905,271.874,289.381,281.4322,0.017233527343303637,0.034755534526863766,4012907.1,0.14349298043804698,-0.08660209205135576,18.31750338896707,339.8673904120914,238.89460958790852,0.3489267810389555
2026-04-08,267.15,271.09,264.05,267.57,3022992,ENGRO,Engro Corporation,0.012295702179176748,-0.026132848043676105,-0.010209743646654057,271.15999999999997,286.29449999999997,281.0394,0.018242636729490936,0.03244017431168688,3492705.4,0.8655158834753138,-0.06540293299359427,29.560672866015892,333.97506581923204,238.61393418076793,0.33308754320509487
2026-04-09,269.74,271.12,266.84,268.98,2046159,ENGRO,Engro Corporation,0.0052696490637964555,-0.024268146697137838,-0.0014848912317172447,270.258,282.3385,280.6878,0.01836816069200473,0.028664463980155448,3465300.0,0.5904709548956799,-0.04731377406890197,41.71477441556543,320.63291639937125,244.04408360062877,0.27126599028638043
2026-04-10,269.21,274.24,264.37,269.3,945746,ENGRO,Engro Corporation,0.0011896795300765373,0.018840799031477173,-0.006786162130264728,269.168,279.333,280.3898,0.01815808616819547,0.027088170452870694,3222197.7,0.29350961301971,-0.035917703958945404,47.22552987232303,310.9201786780985,247.74582132190156,0.22616145373432714
2026-04-13,269.08,271.33,266.48,268.9,485411,ENGRO,Engro Corporation,-0.0014853323431118781,0.004970661882871763,-0.016783063366119566,267.81399999999996,276.868,280.13779999999997,0.017672251531266597,0.026519071704940726,2535526.5,0.1914438677726302,-0.028779057167932876,41.173402853287406,302.8881991173257,250.8478008826743,0.1879610436542448
2026-04-14,263.8,265.68,260.66,263.17,3289509,ENGRO,Engro Corporation,-0.0213090368166603,-0.021600118967952997,-0.0421474067333939,267.584,274.752,279.8302,0.018675601979488175,0.025652333522729803,2760964.0,1.1914349480833502,-0.04215437922183583,36.56785547679604,297.66996959868675,251.8340304013133,0.1668265897871776
2026-04-15,265.15,270.31,258.45,264.38,2433900,ENGRO,Engro Corporation,0.004597788501728761,-0.01826958782027488,-0.04095476475496074,266.946,272.1865,279.4864,0.018785258316269347,0.02401580123657426,2732253.9,0.890803010657245,-0.028680702385942534,31.301730613538382,285.12262693196897,259.2503730680311,0.09505340589574733
2026-04-16,259.89,264.96,255.24,260.1,2467269,ENGRO,Engro Corporation,-0.016188819123988063,-0.03272592041651157,-0.01596549636803868,265.17,270.56149999999997,279.0336,0.012144727330732037,0.01875350451281993,1953629.3,1.2629156411607867,-0.03866588557485555,34.17305584670257,280.52396698469124,260.5990330153087,0.07364290177763248
2026-04-17,261.19,267.58,254.71,261.15,1440137,ENGRO,Engro Corporation,0.0040369088811993414,-0.007675646920241808,-0.02399372126920063,263.54,269.7825,278.5934,0.010827838492548696,0.014958153964305033,1852289.2,0.777490361656268,-0.03199799838747158,37.33443707166989,280.1426480887613,259.42235191123876,0.07680370734738437
2026-04-03,124.72,127.54,121.7,124.62,4649180,FFC,Fauji Fertilizer,-0.010559745930924902,-0.021590641438329228,-0.051164915486523466,126.708,134.504,137.24120000000002,0.013764372305781565,0.01735817019619764,9580865.6,0.4852567809739445,-0.07348480342537399,23.27647475743177,146.7661255133546,122.24187448664536,0.18233101637517787
2026-04-06,125.21,128.23,122.27,125.25,1908062,FFC,Fauji Fertilizer,0.005055368319691889,-0.0061101412474210415,-0.022858480262131442,125.84200000000001,133.8215,136.8694,0.012198838447038306,0.016743390791989297,7568035.0,0.25212119129998734,-0.06405174056437819,26.233101923008306,146.56350888895918,121.0794911110408,0.19043291083815347
2026-04-07,126.07,126.31,124.86,125.58,3812252,FFC,Fauji Fertilizer,0.0026347305389220477,-0.002937673680031838,-0.012425290972003733,125.484,133.0845,136.5096,0.012172230232609688,0.016463332098096715,6611997.9,0.5765658213533309,-0.05638898594459614,24.57975344250592,145.94842503742228,120.22057496257769,0.19331965837232196
2026-04-08,126.91,130.02,124.23,127.13,16919330,FFC,Fauji Fertilizer,0.012342729734034164,0.020141229337184985,-0.018907238771415424,125.70599999999999,132.435,136.208,0.010406115259151477,0.016919938774299686,5604358.2,3.0189594234001667,-0.04005738664220145,28.251599133065994,145.1136476117588,119.7563523882412,0.19146974155869778
2026-04-09,126.44,128.29,124.71,126.5,5147310,FFC,Fauji Fertilizer,-0.004955557303547464,0.009980039920159722,-0.006830493836853302,125.816,131.882,135.9256,0.008438629016239685,0.016617765338012274,4741163.8,1.085663819503557,-0.040809208231291576,23.9590942171137,144.58422458759424,119.17977541240577,0.19263014797315656
2026-04-10,125.28,126.66,124.0,125.33,6858663,FFC,Fauji Fertilizer,-0.009249011857707545,-0.001990762860328066,-0.005475321377559128,125.958,131.2755,135.606,0.008193157225297327,0.01663734448333047,4864865.7,1.4098360413114792,-0.04529024837044769,18.313521535795374,144.01461254448486,118.53638745551513,0.19408210282021898
2026-04-13,124.77,126.54,122.16,124.35,4809784,FFC,Fauji Fertilizer,-0.007819356897789898,-0.02186737984740028,-0.012703453751488736,125.77799999999999,130.51,135.2576,0.008612882741133018,0.015931766640030785,5252072.4,0.915787832627745,-0.04719944831777487,23.058933567688257,142.9645202109198,118.05547978908018,0.19085924773311444
2026-04-14,122.07,124.55,120.16,122.36,417443,FFC,Fauji Fertilizer,-0.01600321672698024,-0.032727272727272716,-0.018135130797624854,125.13399999999999,129.71499999999997,134.86980000000003,0.009711952343834748,0.016073307700362062,5025754.1,0.08306076893017905,-0.056701229618342334,26.16772821834671,142.11632505653705,117.3136749434629,0.1912088047865162
2026-04-15,120.67,122.13,118.77,120.45,803722,FFC,Fauji Fertilizer,-0.015609676364825131,-0.038937205776749306,-0.03832335329341319,123.798,128.77800000000002,134.45420000000001,0.010138928768228098,0.015920293012179856,4711165.5,0.17059939838666247,-0.0646694311135081,28.027288209642876,140.99551391715147,116.56048608284858,0.18974535894417632
2026-04-16,122.79,123.94,121.75,122.85,1525616,FFC,Fauji Fertilizer,0.01992528019925266,-0.012062726176115812,-0.021739130434782594,123.06800000000001,127.952,134.115,0.013875256959729338,0.01694815071784905,4685136.2,0.3256289539672293,-0.03987432787264075,38.63995779963313,139.36138228873614,116.54261771126384,0.17833847518830465
2026-04-17,119.5,121.92,116.73,119.33,2875876,FFC,Fauji Fertilizer,-0.028652828652828588,-0.024762994442628306,-0.061354518996302954,121.86799999999998,126.88050000000001,133.6764,0.014907459532268175,0.01721279430054173,4507805.8,0.63797690663604,-0.05950875035912141,24.46437467152454,137.19817308528127,116.56282691471877,0.1626360722916434
2026-04-03,130.34,131.49,128.92,130.21,856906,HBL,Habib Bank Limited,0.012125923047026754,0.02859625562840673,0.006882152799257746,127.854,133.745,137.4622,0.013515772259840448,0.025040985601599144,760837.7,1.1262664823259927,-0.02643089461268508,40.59210524446415,148.3502427501043,119.13975724989574,0.21840431791835319
2026-04-06,129.47,131.84,127.1,129.47,1336678,HBL,Habib Bank Limited,-0.005683127255971199,0.01680672268907557,-0.010999923611641593,128.45,132.512,137.1678,0.012708876354867728,0.024359584663428236,842837.0,1.5859270535109378,-0.02295641149463479,33.21492005452902,143.6149528552211,121.4090471447789,0.16757656446415897
2026-04-07,130.6,131.65,129.49,130.57,2175271,HBL,Habib Bank Limited,0.008496176720475646,0.01492421298095592,0.021434717984823548,129.246,131.625,136.9538,0.008542910228915204,0.023608669007095514,985739.6,2.206739995025053,-0.008015194681800506,42.393509103711594,139.88419710638416,123.36580289361584,0.12549587246072427
2026-04-08,128.46,131.79,126.34,129.07,2280370,HBL,Habib Bank Limited,-0.0114880906793291,-0.008755087934874561,0.020396869317732547,129.594,131.2,136.7268,0.008812847966750907,0.01781920546907569,987025.9,2.3103446424252874,-0.016234756097437204,48.11233882718359,139.0350172135638,123.36498278643617,0.11943623801073322
2026-04-09,129.55,130.74,127.95,129.35,1400274,HBL,Habib Bank Limited,0.002169365460602757,-0.0009268556422337149,0.02180267003712766,129.73399999999998,130.69850000000002,136.47299999999998,0.008772587045414521,0.017459581486490065,1025213.0,1.3658371479877827,-0.010317639452554636,47.06434942889146,137.55140034641494,123.8455996535851,0.1048657841729245
2026-04-10,126.54,127.83,125.21,126.52,726941,HBL,Habib Bank Limited,-0.02187862388867412,-0.031017844834188568,-0.006361423073902528,128.996,130.185,136.2526,0.012710812838271699,0.017623435189100867,1080236.6,0.6729460934761878,-0.028152244882066708,34.570765638793944,136.64378430796702,123.72621569203298,0.0992247080372917
2026-04-13,124.73,126.19,124.18,125.19,4409350,HBL,Habib Bank Limited,-0.010512171988618424,-0.03006120709692417,-0.02689467547609803,128.14,129.64799999999997,136.1082,0.01207616769131095,0.017680732087060693,1505735.5,2.9283695576015822,-0.0343854128098049,40.77723040115592,135.87743978219538,123.41856021780455,0.09609773821651497
2026-04-14,125.93,126.71,123.45,125.08,247780,HBL,Habib Bank Limited,-0.0008786644300663449,-0.033011209895632,-0.03939789570693497,127.042,128.95600000000002,135.9698,0.010042480970059994,0.0166216053107032,1515771.6,0.16346789978120704,-0.030056763547023496,37.96821790399803,133.76054784553125,124.15145215446879,0.07451452969220469
2026-04-15,126.43,128.9,123.91,126.4,625551,HBL,Habib Bank Limited,0.010553245922609644,-0.000948466645589563,-0.023712056847146057,126.508,128.56,135.836,0.011768864642364502,0.015583952835867197,1492837.8,0.41903480739836546,-0.01680149346595516,37.00288181452222,132.7720578793443,124.34794212065572,0.06552672494261859
2026-04-16,124.98,128.08,122.23,125.15,481002,HBL,Habib Bank Limited,-0.009889240506329111,-0.00031951433820587294,-0.0415103009879757,125.66799999999998,128.323,135.69539999999998,0.010682629693885254,0.01401590494845085,1454012.3,0.33081013138609605,-0.024726666302808346,41.36597934412866,132.74799170382795,123.89800829617205,0.06896646281326756
2026-04-17,128.23,128.27,126.66,127.46,1155262,HBL,Habib Bank Limited,0.018457850579304713,0.01902782219379584,-0.012473851398465907,125.856,128.166,135.7048,0.013687108165458473,0.014655064241325214,1483847.9,0.7785582336302793,-0.005508481188415763,52.94117642564121,132.47204666657663,123.85995333342336,0.06719483586197646
2026-04-03,98.69,99.66,98.52,99.09,929636,HUBC,Hub Power Company,0.050349798600805684,0.08603682595352935,0.023128549303045975,93.378,87.38,87.8716,0.030278924691086163,0.033239684261432326,16453846.0,0.05649961717157192,0.13401235980620274,81.034482727573,102.1196122208507,72.6403877791493,0.3373680984363016
2026-04-06,95.91,97.75,93.79,95.77,1872729,HUBC,Hub Power Company,-0.03350489454031691,0.04358722894191991,-0.009514944668528313,94.442,87.8395,87.90140000000001,0.033439290169450235,0.034337386824644316,11614089.3,0.16124630624288377,0.09028398385589297,73.20261435229186,103.03988846456508,72.63911153543492,0.3460946035528898
2026-04-07,93.88,94.75,92.82,93.79,8824852,HUBC,Hub Power Company,-0.020674532734676676,-0.0058299766800932185,0.0005333902282911307,94.952,88.233,87.89620000000001,0.032169716883546765,0.0347239799866118,10191777.5,0.865879577924459,0.06298097083786135,70.5289672295364,103.63035602730474,72.83564397269527,0.3490158110260385
2026-04-08,95.09,96.87,93.53,95.2,2591968,HUBC,Hub Power Company,0.015033585670114036,-0.03925724089211824,0.052515201768933206,95.638,88.8295,87.9602,0.0282626714592892,0.033735735848004204,3185792.0,0.8136023946321665,0.07171604027860441,69.39576246477792,104.34122524253826,73.31777475746173,0.3492471587110957
2026-04-09,95.39,97.86,93.16,95.51,4639987,HUBC,Hub Power Company,0.003256302521008392,-0.002714837631826117,0.04679964927663316,95.872,89.617,88.06300000000002,0.02830438704917292,0.03170255090868169,3208499.7,1.4461547245898132,0.0657576129521658,65.50707544466101,104.78542162971615,74.44857837028385,0.33851661246296777
2026-04-10,91.84,92.58,90.26,91.42,32225119,HUBC,Hub Power Company,-0.04282274107423312,-0.025269218466787535,-0.0038138825324179892,94.338,90.336,88.028,0.03400922933949291,0.03238671317182214,5912382.3,5.450445753482483,0.01199964576678183,50.917003397176316,104.3105293113465,76.3614706886535,0.3093900396562125
2026-04-13,93.2,95.07,91.18,93.13,15944185,HUBC,Hub Power Company,0.018704878582367135,-0.02174369747899163,-0.012825948696205347,93.81,91.172,88.0898,0.032893930889466357,0.03218973916803148,7270953.2,2.192860352890182,0.021475891720906883,50.59449309423269,103.5477872264225,78.7962127735775,0.27148219247766336
2026-04-14,90.22,90.7,89.41,90.05,2837838,HUBC,Hub Power Company,-0.0330720498228283,-0.05716678881792492,-0.09123019477242922,93.06199999999998,91.7735,88.0676,0.025253260891803474,0.03349794158576728,7406916.1,0.38313354190686727,-0.018779931025636173,39.01098899333698,102.5199388716007,81.0270611283993,0.23419481378575743
2026-04-15,92.59,93.52,90.76,92.14,1293972,HUBC,Hub Power Company,0.023209328151027275,0.007875738350470396,-0.037903310013574165,92.45,92.506,88.1348,0.026743295064147427,0.03348541743545647,7404308.2,0.17475933808373884,-0.0039565001188684315,43.0787952356829,100.8907365084293,84.1212634915707,0.1812798414878745
2026-04-16,92.5,93.23,91.89,92.56,1454830,HUBC,Hub Power Company,0.004558280876926446,-0.00612047675292593,-0.013114404520737866,91.86,93.11550000000001,88.22599999999998,0.02599929094072325,0.032840942265871434,7261511.6,0.20034809281307212,-0.005965709253497467,48.055372423441824,99.25825259746654,86.97274740253349,0.1319383474802918
2026-04-17,94.54,96.43,92.47,94.45,4605664,HUBC,Hub Power Company,0.020419187554018947,0.04886174347584671,-0.007878151260504174,92.466,93.5885,88.36040000000001,0.02664488599877557,0.030863662257688124,7629114.4,0.6036957579244059,0.009205190808601499,56.91085000702308,98.41204434000532,88.76495565999467,0.10307985147649096
2026-04-03,448.95,451.17,440.5,445.84,4866774,KOHC,Kohat Cement,-0.009750571929902585,-0.021744377399890324,-0.049969102260862264,451.884,482.1184999999999,496.30660000000006,0.00838980528885736,0.023430607415606056,5132143.4,0.9482926763114216,-0.07524809771855821,32.039237355287725,533.5234746824688,430.7135253175311,0.21324622341753
2026-04-06,441.92,450.13,433.49,441.81,5231760,KOHC,Kohat Cement,-0.009039117172079614,-0.016889185580774346,-0.061795247499522254,448.60600000000005,478.736,495.4144,0.006932002924148919,0.02343633620916327,5395116.3,0.9697214497489145,-0.07713228167491656,20.851688690842238,531.4519831550166,426.02001684498333,0.22022986846573694
2026-04-07,439.44,447.28,428.91,438.1,2770838,KOHC,Kohat Cement,-0.008397274846653535,-0.02694178530973057,-0.05039557819442941,445.076,475.6875,494.63160000000005,0.004863423451420546,0.023223574695437798,4374777.3,0.6333666401716036,-0.07901721192993501,9.523403528575997,530.4637464366098,420.9112535633902,0.23030349309786213
2026-04-08,429.83,431.18,424.1,427.64,2194229,KOHC,Kohat Cement,-0.023875827436658392,-0.040821819486811406,-0.06669576604103011,440.724,471.8035000000001,493.461,0.007887102192918298,0.023102141133747024,4406108.6,0.4979970307586154,-0.09360570661283034,11.321710924807448,528.7075645204486,414.8994354795516,0.24121934034117123
2026-04-09,422.38,427.42,416.86,422.14,4295165,KOHC,Kohat Cement,-0.012861285193153105,-0.04452140060206877,-0.07374657158529896,435.10599999999994,468.02350000000007,492.034,0.007691311573676254,0.0230732248404015,4097770.9,1.0481710922394414,-0.09803674388124109,12.600112801168692,527.6518893089437,408.3951106910564,0.25480938161787287
2026-04-10,419.42,421.81,415.79,418.8,3434608,KOHC,Kohat Cement,-0.007912067086748409,-0.044053868979684996,-0.06809078771695587,429.698,464.13,490.44440000000003,0.007626581044369477,0.023032959120653507,3777968.2,0.9091151164268664,-0.09766660202939331,17.058643857073676,526.0093086750754,402.25069132492456,0.2666464511018125
2026-04-13,418.66,423.26,412.47,417.86,5680126,KOHC,Kohat Cement,-0.0022445081184335747,-0.022869703488915816,-0.07189658618928108,424.908,460.13100000000003,488.654,0.006663433540288384,0.022944425165205787,4133977.7,1.374009830773881,-0.09186731604675222,4.246100518900505,523.1643091226168,397.09769087738323,0.2739798410560462
2026-04-14,417.45,426.19,408.33,417.26,2718354,KOHC,Kohat Cement,-0.001435887617862508,-0.011560145923153464,-0.06410371433698181,420.73999999999995,455.13200000000006,486.88439999999997,0.007522274681578609,0.02015766200978024,3446334.7,0.7887666859518895,-0.08321102449381027,4.303530650619265,514.8671620334113,395.3968379665888,0.2624959881233576
2026-04-15,417.34,421.77,410.35,416.06,4191019,KOHC,Kohat Cement,-0.0028759047116905245,-0.006542502387774651,-0.05828297231841739,418.424,449.28249999999997,485.0378,0.007921015268838035,0.017825214002444103,3652791.3,1.1473469617604486,-0.07394568005636994,1.468766589620273,498.9560638152253,399.6089361847746,0.22112396461075065
2026-04-16,429.86,437.66,418.94,428.3,3715631,KOHC,Kohat Cement,0.02941883382204491,0.024984444550806506,-0.02236932207258624,419.65599999999995,445.49950000000007,483.7514,0.01638647063717709,0.01718921479412816,3909850.4,0.9503256185965578,-0.03860722627065002,22.081432669215445,488.74874944891815,402.250250551082,0.19416070926598566
2026-04-17,435.56,437.19,432.68,434.94,4799393,KOHC,Kohat Cement,0.015503151996264286,0.0423716627522408,0.017070433074548808,422.884,442.82399999999996,482.4532,0.014747804933630121,0.017070460453071448,3903112.3,1.2296323116298753,-0.017803913067002138,31.445437134010305,481.23577198943605,404.41222801056387,0.17348550209270208
2026-04-03,755.22,761.32,744.96,753.14,1596488,LUCK,Lucky Cement,0.04063670153233945,0.048912286565833796,0.02362183320648037,728.478,773.6755,829.9386,0.017414949063200093,0.031814302781470225,2243450.0,0.7116218324455634,-0.02654278182516252,25.257659840723733,909.2025406850306,638.1484593149695,0.35034595430475796
2026-04-06,747.58,758.52,739.42,748.97,4710200,LUCK,Lucky Cement,-0.005536819183684205,0.03880775045423657,0.019298030729868465,732.97,770.3979999999999,826.788,0.017679180509792516,0.03180168852941734,2491092.1,1.8908172845154934,-0.027814194740863905,34.86096807100893,904.9328692973011,635.8631307026988,0.3492606919984905
2026-04-07,746.43,758.41,735.99,747.2,1643490,LUCK,Lucky Cement,-0.0023632455238526973,0.03242922084202671,0.025838161399269755,738.8059999999999,764.8155,823.5552,0.0171394880020084,0.02872544854900753,2524756.5,0.6509499034857419,-0.023032352247015084,50.564839877622006,893.0130057602826,636.6179942397175,0.3352377292565721
2026-04-08,727.77,747.84,714.82,731.33,327522,LUCK,Lucky Cement,-0.021239293361884348,-0.028958759327614936,0.006634457887709777,740.874,757.2685,820.2860000000001,0.019571361740989297,0.02775217660893814,2191909.5,0.1494231399608423,-0.034252712214974904,53.869106815653836,873.5720296156243,640.9649703843758,0.30716589852996834
2026-04-09,736.19,753.49,718.75,736.12,966595,LUCK,Lucky Cement,0.006549710800869635,-0.0171568954697785,0.025208211470432618,743.3520000000001,749.596,817.2236,0.018782484691443835,0.027698432923366764,2173276.4,0.4447639517918658,-0.017977683979079426,57.2997667107096,848.0227339379092,651.1692660620909,0.2626127512360734
2026-04-10,748.55,769.22,732.39,750.8,441824,LUCK,Lucky Cement,0.019942400695538653,0.004817987152034187,0.0413459271279768,742.884,741.9159999999999,814.5998,0.019766331738348592,0.02786745947118924,1886728.2,0.23417469458504928,0.011974401414699293,63.245146874373525,808.2082992749355,675.6237007250644,0.17870567362031875
2026-04-13,732.12,743.79,724.81,734.3,857051,LUCK,Lucky Cement,-0.02197655833777301,0.004061094170894064,0.014604894090337384,739.95,735.6685,811.3582000000001,0.022455983445967363,0.026361453988544496,1775571.1,0.48269032988878874,-0.0018602128540207714,56.77822331280924,772.331368796928,699.005631203072,0.09967225400266068
2026-04-14,727.3,737.08,716.18,726.63,2056180,LUCK,Lucky Cement,-0.010445322075445906,-0.012891919795685491,-0.03519929893512497,735.836,732.1995000000001,808.0422,0.014968460468542269,0.021327382853649678,1624479.1,1.265747278619958,-0.007606533465254285,46.1414926832391,755.5264976636452,708.872502336355,0.06371760063647473
2026-04-15,737.63,743.78,734.98,739.38,774895,LUCK,Lucky Cement,0.01754675694645136,-0.015210442194991902,-0.012804251171609105,737.446,731.8689999999999,805.1532000000001,0.01720819184521797,0.016818934851653772,1450534.0,0.5342136068509938,0.010262765604213075,51.764163266010485,754.5517269315735,709.1862730684263,0.06198575682681629
2026-04-16,748.13,755.3,740.65,747.97,242270,LUCK,Lucky Cement,0.011617841975709364,0.018616369331336147,0.0010305139186295165,739.816,733.0899999999999,802.5095999999999,0.017916815006228336,0.015464388420537926,1361651.5,0.17792364639557173,0.020297644218281265,57.40530731984825,756.5044516777166,709.6755483222832,0.06387879162908984
2026-04-17,752.07,770.98,735.36,753.17,496302,LUCK,Lucky Cement,0.006952150487318898,0.036524778773240785,0.029863399559706183,740.29,734.6935,800.0228,0.01524077940691075,0.015455624406306247,1251632.9,0.39652361327350827,0.025148582367987247,59.830383474648784,759.0251802586718,710.3618197413282,0.06623627474215756
2026-04-03,1536.41,1565.71,1517.75,1541.73,1908841,MARI,Mari Petroleum,-0.02435119382866835,-0.014068924942285399,-0.04058023323832882,1551.73,1699.2814999999998,1680.8334,0.023315302714647386,0.03755587892183404,3898607.3,0.48962125526210337,-0.09271653931376708,33.04754778182725,1968.4667030245505,1430.0962969754491,0.31682237819265646
2026-04-06,1502.92,1528.09,1472.59,1500.34,907925,MARI,Mari Petroleum,-0.026846464685775118,-0.021247170414440575,-0.07373840891972983,1543.784,1690.9244999999999,1675.0801999999999,0.02362987360487546,0.03725086255631921,3834049.3,0.23680577085954524,-0.11271023632331736,27.926114423397564,1974.2720809691211,1407.5769190308786,0.33513924597928973
2026-04-07,1494.07,1517.6,1473.58,1495.59,5806094,MARI,Mari Petroleum,-0.0031659490515483224,-0.05354984464090218,-0.050714380922760594,1530.156,1683.9405,1669.2462000000003,0.022523358549968835,0.03708983779768225,4298569.0,1.3507039203046407,-0.11185104224281568,21.297540376349545,1979.6787960072354,1388.2022039927645,0.3512455410473943
2026-04-08,1467.76,1497.38,1447.74,1472.56,2652141,MARI,Mari Petroleum,-0.015398605232717522,-0.04486518391676886,-0.04383566980721654,1518.086,1670.5489999999998,1662.6586000000002,0.021871567589545036,0.033497724774410154,4400227.7,0.6027281270012457,-0.1185173257413469,12.307782689540858,1979.4856952629616,1361.612304737038,0.36986247666219546
2026-04-09,1484.41,1512.41,1442.71,1477.56,944190,MARI,Mari Petroleum,0.003395447384147321,-0.015183225135635858,-0.05510542101257898,1497.556,1654.069,1656.2264000000002,0.020319737234705103,0.03183363411820242,4401772.3,0.21450223583805092,-0.10671199327228387,16.716867469438938,1967.454358466302,1340.683641533698,0.3789265846420102
2026-04-10,1466.54,1472.91,1451.79,1462.35,23367756,MARI,Mari Petroleum,-0.010293998213270594,-0.022225342506970502,-0.04603009961445892,1481.6799999999998,1639.0605,1650.2779999999998,0.019709314213815474,0.03163460079170753,6515621.1,3.5864203337422427,-0.10781206672962489,19.957747111342172,1959.2541167202917,1318.8668832797084,0.3907038412799238
2026-04-13,1480.97,1483.96,1466.95,1475.46,1211038,MARI,Mari Petroleum,0.008965022053543992,0.0019693594828054106,-0.06628865783661664,1476.704,1622.3805,1644.1906,0.013564950665432838,0.030843313229427877,6199835.6,0.1953338891760291,-0.09055859584105541,24.193433515327257,1940.0329477757014,1304.7280522242986,0.3915880988159135
2026-04-14,1471.24,1497.71,1445.78,1471.74,795851,MARI,Mari Petroleum,-0.0025212476109145454,-0.003938926338016735,-0.0453970539588644,1471.934,1603.5149999999999,1636.3752000000002,0.0120524704238837,0.029987263628993722,4380679.8,0.18167294491599223,-0.08217883836441674,30.06017343985357,1909.0722905881626,1297.9577094118372,0.3811093636018025
2026-04-15,1491.85,1510.45,1477.79,1494.12,2391012,MARI,Mari Petroleum,0.015206490276815199,0.02172530515950344,-0.0041457269685538645,1476.2459999999999,1582.5065,1630.3692,0.010649918414732009,0.02866644969224923,4489238.5,0.5326097065237232,-0.055852219248353305,31.974408995732034,1853.9719184257222,1311.0410815742778,0.3430828479068499
2026-04-16,1471.38,1500.1,1438.43,1469.26,768040,MARI,Mari Petroleum,-0.016638556474714128,-0.004202079351524279,-0.01760509230470908,1474.586,1556.6779999999999,1624.8872000000001,0.01229319532727182,0.02621849208299786,4075288.8,0.18846271704719428,-0.056156764597395055,33.86199981626085,1755.0167291425819,1358.339270857418,0.2548230644262392
2026-04-17,1484.69,1498.43,1465.67,1482.05,782070,MARI,Mari Petroleum,0.00870506241237079,0.0070053134385148486,0.0064445591351116605,1478.5259999999998,1539.2225,1619.9856,0.011412271403785788,0.022036511673797138,3962611.7,0.19736225984494007,-0.03714375277126145,40.53507340761015,1692.0841677536287,1386.3608322463715,0.1986219247100783
2026-04-03,201.98,204.93,198.58,201.75,307036,MCB,MCB Bank,-0.0340419419706981,-0.013013061983268903,-0.015517493778363423,204.98399999999998,213.33650000000003,221.55360000000002,0.015813258393709888,0.02543642464136578,1447530.3,0.21211024045576096,-0.054310912572137056,42.61112402614486,237.87578603173648,188.79721396826358,0.23005239170626146
2026-04-06,200.22,201.5,198.87,200.19,894738,MCB,MCB Bank,-0.007732342007435,-0.024272554467027252,-0.01973362060522965,204.076,211.20700000000002,221.0118,0.01595523398674755,0.025253229466076735,1213115.8,0.7375536614064373,-0.05216209689995058,40.041161661089035,232.11055809551667,190.30344190448338,0.19794380011474685
2026-04-07,198.68,201.68,195.07,198.38,337835,MCB,MCB Bank,-0.009041410659873184,-0.050177152159341265,-0.026881192975571566,202.87,208.8965,220.3818,0.016117830569681264,0.024945074577383968,1166124.3,0.28970753803861193,-0.050343112498053656,29.37767698636212,223.54244828109947,194.25055171890054,0.140222055238162
2026-04-08,201.53,204.9,199.7,202.3,625980,MCB,MCB Bank,0.019760056457304165,0.0027261462205701026,-0.011869291261661585,202.296,207.6225,219.9312,0.018319199941193545,0.021628737348193147,1172635.9,0.5338229880221129,-0.025635468217434794,24.792057946147352,219.5287900227263,195.7162099772737,0.11469171234012644
2026-04-09,198.39,200.26,194.37,197.31,831775,MCB,MCB Bank,-0.024666337123084525,-0.01438633298366554,-0.03473411281248473,199.986,206.708,219.4016,0.02029465763860197,0.019089299667889827,1201168.2,0.6924717121215824,-0.04546510052806148,25.33589250466953,218.84181286887394,194.57418713112605,0.11740051540158336
2026-04-10,194.41,195.3,192.08,193.69,429467,MCB,MCB Bank,-0.018346763975470082,-0.023641496118560368,-0.05595359945411116,198.374,205.6465,218.7214,0.020453221595055887,0.01934402775203861,866635.0,0.4955569530425144,-0.05814103327769675,28.08510637102762,218.45139589756113,192.84160410243888,0.12453307882700516
2026-04-13,196.11,197.85,194.54,196.2,295414,MCB,MCB Bank,0.012958851773452462,-0.030153237765694674,-0.060614765871875975,197.576,205.05150000000003,217.9834,0.01945218626464671,0.01866380012520358,837297.2,0.35281856908156345,-0.04316720433626126,34.37682854062973,218.46768547246532,191.63531452753475,0.1308567405983361
2026-04-14,195.01,199.94,191.19,195.57,634256,MCB,MCB Bank,-0.0032110091743119407,-0.008818610308651387,-0.03063197026022313,197.014,204.38500000000002,217.36739999999998,0.015938929386937275,0.018598687611776684,610424.5,1.0390408641854953,-0.043129388164282585,35.75776017953106,218.31093264381275,190.4590673561873,0.13627157221659703
2026-04-15,206.23,207.69,204.03,205.86,863525,MCB,MCB Bank,0.052615431814695635,0.06283236098920963,0.028323093061591642,197.726,203.9405,216.9154,0.026566592349372517,0.021373989234750916,623883.5,1.3841125787106063,0.00941205890929274,51.93213947391495,217.01490967772776,190.8660903222722,0.1282178839187279
2026-04-16,209.7,211.66,205.69,208.67,261500,MCB,MCB Bank,0.013650053434372644,0.06355759429153918,0.05187014820042335,199.998,203.3195,216.56119999999999,0.026047321946002205,0.02041934751548926,548152.6,0.47705693633488105,0.026315724758194207,55.35754063766971,213.9076353161779,192.7313646838221,0.10415267907038746
2026-04-17,210.15,211.82,209.34,210.58,570806,MCB,MCB Bank,0.009153208415201064,0.07675001278314686,0.040929312901631265,203.376,203.0835,216.2722,0.025520967254312733,0.019798539361733848,574529.6,0.9935188717865868,0.03691338784274997,56.36838665819385,212.71442010688864,193.45257989311133,0.09484689900303304
2026-04-03,177.18,181.95,173.16,177.56,405832,MEBL,Meezan Bank,-0.006935123042505653,-0.02116868798235949,-0.11841517303013749,180.28000000000003,192.73450000000003,186.44279999999998,0.01622182888377529,0.026347928807677636,21176567.4,0.01916420127654872,-0.0787326607323613,42.322890197678234,218.24717464160557,167.22182535839448,0.26474424289863174
2026-04-06,174.47,178.61,171.01,174.81,3377797,MEBL,Meezan Bank,-0.015487722460013509,-0.033451288289284564,-0.08919918720366804,178.686,192.3085,186.49580000000003,0.009836752107522153,0.02645290219047343,18551557.6,0.1820761939687479,-0.09099181783389197,31.382727694834713,218.7499835757038,165.86701642429622,0.27499027422673766
2026-04-07,171.63,175.78,167.6,171.69,2564300,MEBL,Meezan Bank,-0.01784794920199073,-0.03976510067114103,-0.09168341974394245,176.744,191.66799999999998,186.4406,0.009976696022553995,0.026601098000232058,11192952.5,0.2290995159677484,-0.1042323183833282,24.83113540772537,219.49043441617044,163.8455655838295,0.2903190351652369
2026-04-08,171.29,173.15,169.36,171.26,1318660,MEBL,Meezan Bank,-0.0025045139495603053,-0.0354809641811219,-0.06302658934237892,174.824,190.947,186.3592,0.005923338427229218,0.02650540932262321,3741686.1,0.35242400478222896,-0.10310190785870901,16.27618032964385,220.13658292917097,161.75741707082904,0.30573492046503065
2026-04-09,174.89,179.56,171.96,175.76,2539658,MEBL,Meezan Bank,0.02627583790727539,0.005434471712144617,-0.031091510474090533,174.21599999999998,190.445,186.4546,0.014751818343232987,0.027333294798367436,2448955.0,1.0370374302508618,-0.07710887657813487,8.709115538573087,220.34400227168302,160.54599772831696,0.3139909398674267
2026-04-10,180.2,182.16,180.22,181.19,4025108,MEBL,Meezan Bank,0.030894401456531773,0.05533228493214515,0.0018246157248700268,174.942,190.1215,186.6622,0.0199420569637936,0.028217738309926826,2321471.7,1.733860464463124,-0.046977853635454286,18.697043866282087,220.28620525561118,159.95679474438882,0.3173202952370197
2026-04-13,178.66,179.92,177.1,178.51,1327536,MEBL,Meezan Bank,-0.014791103261769467,0.04233329440616607,-0.00162192393736027,175.68200000000002,189.625,186.7624,0.020315943543711242,0.028340042434868203,2287078.3,0.5804506124691925,-0.058615688859282235,18.640886047287935,220.22991566983802,159.02008433016198,0.322794100668969
2026-04-14,180.15,183.62,175.73,179.68,3028280,MEBL,Meezan Bank,0.006554254663604375,0.022303140646336095,0.011939626041901352,177.28,188.685,186.8718,0.020194140355052816,0.025275344467136064,2411339.8,1.2558495488690558,-0.04772504438589326,25.267470968501186,219.29961329771166,158.07038670228835,0.32450500355141537
2026-04-15,175.36,179.82,171.23,175.53,2567240,MEBL,Meezan Bank,-0.023096616206589538,-0.031237927037915947,0.004118757508151605,178.134,187.312,186.9266,0.021449931778394663,0.024733557456358194,2186922.0,1.1739056079732149,-0.06290040146887071,28.756476673508033,217.68746627755613,156.9365337224439,0.3243301686746599
2026-04-16,173.16,175.84,170.27,173.05,11891763,MEBL,Meezan Bank,-0.01412863897909189,-0.03058652176348653,0.007921253421865115,177.592,185.5015,186.95860000000002,0.020951779751541607,0.023103542917507682,3304617.4,3.5985294394443352,-0.06712344644077196,29.08042964613243,214.6609861517068,156.3420138482932,0.3143854486518935
2026-04-17,170.63,173.2,167.79,170.49,1347240,MEBL,Meezan Bank,-0.014793412308581333,-0.05114648263579691,-0.004496087819689243,175.452,183.1045,186.8368,0.02182191562325698,0.019452863243235953,3398758.2,0.39639183511201226,-0.068892353819437,32.18324150621733,208.50634864801862,157.7026513519814,0.2774573934324922
2026-04-03,154.13,156.89,152.03,154.46,2239232,OGDC,Oil & Gas Dev Company,0.029321604691456837,0.01271964332546549,0.0020110282192669082,151.824,154.38500000000002,164.6686,0.0161136120489816,0.017266554340826468,1398671.3,1.6009708642766878,0.0004857984907828016,50.64102561710611,162.56281723547568,146.20718276452436,0.1059405672237936
2026-04-06,152.65,155.4,149.62,152.51,1196656,OGDC,Oil & Gas Dev Company,-0.012624627735336125,0.023557046979865603,-0.0011134398742469465,151.70999999999998,154.04500000000002,164.09900000000002,0.016469306162760464,0.017014027945836004,1450877.7,0.8247807516787936,-0.009964620727644912,55.6544308202016,161.92050900610644,146.1694909938936,0.10224945965211855
2026-04-07,153.85,155.46,151.46,153.46,1418318,OGDC,Oil & Gas Dev Company,0.006229099731165366,0.022657603625216627,0.0017625171355832858,151.898,153.63299999999998,163.6314,0.01660386923931732,0.016660917442421576,1543867.7,0.9186784593006248,-0.0011260601563391158,55.32312286983473,160.63616650184986,146.6298334981501,0.0911674770629265
2026-04-08,151.92,154.6,148.28,151.44,12494591,OGDC,Oil & Gas Dev Company,-0.013163039228463513,-0.019551987569597418,-0.010713352495427375,152.38600000000002,153.07750000000001,163.1918,0.01738748020071954,0.016719746464733808,2473375.4,5.051635509918953,-0.010697195864769936,52.72338908016634,158.73594269072427,147.41905730927576,0.07392912336152985
2026-04-09,155.05,158.69,152.09,155.39,4565626,OGDC,Oil & Gas Dev Company,0.02608293713681986,0.018884007606058573,0.01881720430107503,153.452,152.8415,162.9308,0.02015897996851691,0.0177133903189808,2564546.1,1.7802861878755067,0.016674136278323076,55.02878426107676,157.58465140630764,148.09834859369235,0.062066276584260345
2026-04-10,149.12,152.72,146.29,149.5,920445,OGDC,Oil & Gas Dev Company,-0.03790462706737874,-0.02580476997263137,0.003355704697986628,152.45999999999998,152.4555,162.5258,0.02378810850751379,0.01919334934930252,2625522.2,0.35057597303881094,-0.019385984762639686,44.354136411583255,156.94824256879625,147.96275743120376,0.058938412438603746
2026-04-13,151.28,151.98,150.44,151.21,594836,OGDC,Oil & Gas Dev Company,0.011438127090301009,-0.001518753301637532,0.007663601226176153,152.2,152.31199999999998,162.1074,0.024036598256429047,0.01895820843935645,2664881.3,0.22321294385607338,-0.007235148904831796,39.62204722662336,156.76946966220453,147.85453033779544,0.05853077449150797
2026-04-14,151.66,153.12,149.72,151.42,3900577,OGDC,Oil & Gas Dev Company,0.001388797037232825,-0.025548619602291045,-0.01968147093098549,151.792,152.41,161.7616,0.020704722550324697,0.017667579539013753,3003180.8,1.2988152428252069,-0.006495636769198304,45.17838217476163,156.68594495558094,148.13405504441906,0.05611108136674607
2026-04-15,152.45,156.21,149.26,152.73,1547285,OGDC,Oil & Gas Dev Company,0.008651433099986727,0.0216053511705685,0.0014425283587962134,152.05,152.51600000000002,161.4626,0.020557623954713902,0.017688519035568267,3030679.3,0.5105406566772009,0.0014031314747211248,50.08880992180304,156.7083559511393,148.32364404886073,0.05497594942316613
2026-04-16,149.68,151.57,147.9,149.73,3365117,OGDC,Oil & Gas Dev Company,-0.019642506383814595,-0.009787712452880237,-0.024306008080281605,150.91799999999998,152.507,161.0464,0.021630333202153323,0.018242819442465176,3224268.3,1.0436839266757048,-0.01820900024249252,44.353785880517194,156.72361425666068,148.29038574333933,0.055297320865704894
2026-04-17,147.41,151.05,144.04,147.54,940615,OGDC,Oil & Gas Dev Company,-0.014626327389300697,-0.025624091929731807,-0.02575277337559434,150.52599999999998,152.263,160.5006,0.021748209555813032,0.018084255866414017,3094406.6,0.30397265827961967,-0.03101869791064799,41.53422981107946,157.02970514031833,147.49629485968168,0.0626114701573858
2026-04-03,73.0,73.57,71.3,72.43,2446732,PPL,Pakistan Petroleum,-0.014423731119880046,-0.020819251047721976,0.04622273580817571,73.21000000000001,73.1275,90.9516,0.01605915643383024,0.01934329798714485,5423703.6,0.4511183096362419,-0.009538135448230184,49.58158990975301,78.02905238567041,68.22594761432958,0.13405496935088404
2026-04-06,72.65,74.13,71.74,72.93,2267184,PPL,Pakistan Petroleum,0.0069032168990750264,-0.01259138911454094,0.05222911556773924,73.336,72.789,90.1406,0.015881203609047618,0.01865723465785829,4867064.6,0.46582163713216374,0.0019371058813566367,47.37991261547898,76.59119825613354,68.98680174386647,0.10447178161758783
2026-04-07,72.24,72.84,71.43,72.14,2941201,PPL,Pakistan Petroleum,-0.010832304949952132,-0.01836984623758331,0.028221208665906605,72.97,72.527,89.36859999999999,0.0170594066888076,0.017804269922175608,4823986.5,0.6097034060936943,-0.005335943855318219,42.21902013032663,75.66053407344985,69.39346592655015,0.08641013893878545
2026-04-08,72.05,73.8,70.71,72.25,4160037,PPL,Pakistan Petroleum,0.0015248128638758462,-0.002485158083667116,-0.0006915629322268302,72.648,72.426,88.5354,0.012491251728011618,0.015563427489012793,5020200.8,0.8286594831027475,-0.0024300665506526917,46.8970934283928,75.4513344312737,69.40066556872631,0.08354277279518184
2026-04-09,73.99,74.36,73.1,73.73,5551687,PPL,Pakistan Petroleum,0.020484429065743992,0.010969422734128598,-0.0032445586048397423,72.696,72.40650000000001,87.757,0.011698490607716763,0.016301794707152067,4189378.8,1.3251814326267175,0.01827874569246845,56.740289353056866,75.39060720140401,69.42239279859601,0.08242650042089555
2026-04-10,72.38,72.6,70.8,71.7,718740,PPL,Pakistan Petroleum,-0.027532890275328903,-0.006099251455503163,-0.02924451665312744,72.55,72.299,86.96959999999999,0.015593424709177026,0.01740978627635913,3856863.0,0.18635352098324462,-0.00828503852047357,51.80806670894901,75.21835753566606,69.37964246433395,0.08075789528556888
2026-04-13,72.06,72.61,71.34,71.98,2498920,PPL,Pakistan Petroleum,0.003905160390516027,-0.003737024221453278,-0.020547013199074593,72.36,72.2705,86.182,0.015870861408238963,0.01701152883110125,3316753.7,0.7534234453405446,-0.004019620730394488,50.641025590528905,75.19066924527503,69.35033075472496,0.08081220540150207
2026-04-14,71.54,72.45,70.8,71.63,1543985,PPL,Pakistan Petroleum,-0.004862461794943207,-0.028482300284823125,-0.011045147038520109,72.25800000000001,72.1695,85.4598,0.015101891229389841,0.016641561460078034,3060121.5,0.5045502278259212,-0.007475457083567551,60.15228419271298,75.02785046284016,69.31114953715984,0.07921214537444649
2026-04-15,67.17,68.37,66.05,67.21,5544954,PPL,Pakistan Petroleum,-0.06170598911070779,-0.06262203626220375,-0.07843137254901977,71.25,71.81500000000001,84.6488,0.02662033317033992,0.021232404389446905,3400941.9,1.6304171500254088,-0.06412309406023664,43.502475209836945,75.25936992939549,68.37063007060453,0.09592341236085819
2026-04-16,67.96,69.26,66.7,67.98,255747,PPL,Pakistan Petroleum,0.011456628477905184,-0.05557099194220616,-0.05766565012475733,70.1,71.562,83.9268,0.027982175923487094,0.021325390056587498,2792918.7,0.09156979757412914,-0.05005449819666777,43.22139299719534,75.35337303277872,67.77062696722128,0.10596051068236612
2026-04-17,70.69,71.06,70.1,70.58,2383433,PPL,Pakistan Petroleum,0.03824654310091202,-0.014658662571548242,-0.023114186851211138,69.876,71.49300000000001,83.345,0.03306825084518933,0.023057091392558775,2786588.8,0.855322823374586,-0.012770481025935969,44.80048363801653,75.30405372912969,67.68194627087033,0.10661333918219615
2026-04-03,304.81,310.33,298.52,304.43,3322497,PSO,Pakistan State Oil,0.03105737316263646,0.034948155702872796,0.052844544354141654,294.496,301.04,320.4338,0.017568887179214846,0.016973727719248797,1226731.7,2.708413746869016,0.011260961998368076,44.55339631621059,322.4966088457108,279.58339115428925,0.14254988603268337
2026-04-06,307.53,309.78,304.48,307.13,8887532,PSO,Pakistan State Oil,0.00886903393226679,0.05680957951964771,0.073018202145128,298.31800000000004,300.4135,320.2306,0.015770200008291272,0.015956697870056758,1961001.2,4.532140010929109,0.02235751722202111,54.95137922664579,320.2516209583426,280.5753790416574,0.13207210034353684
2026-04-07,310.89,318.16,304.48,311.32,2327439,PSO,Pakistan State Oil,0.013642431543646083,0.05439273860326499,0.07093223254213976,301.752,300.32,320.13399999999996,0.01567505542505739,0.015701041039874495,2021100.6,1.1515700900786427,0.03662759722949978,57.9629629479355,319.9207808652169,280.7192191347831,0.130532637620882
2026-04-08,306.46,310.58,301.24,305.91,546659,PSO,Pakistan State Oil,-0.017377617885134145,0.004861544525835315,0.06211374210124321,304.81,299.673,319.9222,0.017530724848700073,0.015531855747124101,2040663.9,0.2678829179072555,0.02081268582748266,53.73390556648457,317.46963137846564,281.87636862153437,0.1187736724923917
2026-04-09,304.48,309.48,297.42,303.45,431652,PSO,Pakistan State Oil,-0.008041580857114927,-0.011981896916615109,0.03161652218255995,306.448,299.206,319.6196,0.017547898817323212,0.01508544070656383,2025740.3,0.21308358233283892,0.014184207535897633,55.37862702096071,316.0162016644636,282.3957983355364,0.11236540486759897
2026-04-10,308.94,313.39,304.37,308.88,461099,PSO,Pakistan State Oil,0.017894216510133454,-0.007837594757805433,0.0628311884935655,307.338,298.899,319.4396,0.01644070923936367,0.01558965588115259,2026057.4,0.22758437149905023,0.03339255066081386,61.411135247287135,314.68631922845,283.11168077155,0.10563648074029794
2026-04-13,313.99,316.89,311.88,314.39,3478833,PSO,Pakistan State Oil,0.017838642838642782,0.027720571409891592,0.06479035426403845,308.78999999999996,299.0915,319.4572,0.016590201293236944,0.015791378965446013,2212146.3,1.572605301918774,0.0511498989437976,66.77205183473271,315.55584396218677,282.6271560378132,0.11009569955770543
2026-04-14,320.33,322.88,318.94,320.91,710033,PSO,Pakistan State Oil,0.02073857310983196,0.057538309441423685,0.05413395526065101,310.70799999999997,300.03000000000003,319.3718,0.014663252142542162,0.014959621591260278,2123479.1,0.33437249276435055,0.06959304069569844,74.14841847569839,319.1514533691167,280.90854663088334,0.12746360943274312
2026-04-15,315.94,319.34,312.78,316.06,1026681,PSO,Pakistan State Oil,-0.015113271633791503,0.023245273245273257,0.029075635724286064,312.738,300.697,319.0822,0.016954231106274732,0.015506619245554876,2144322.5,0.4787903871735709,0.05109129788441158,72.03427388080247,321.10117614633003,280.29282385367,0.13571253551756202
2026-04-16,311.86,315.3,309.21,312.25,2041174,PSO,Pakistan State Oil,-0.012054673163323426,-0.006806832278380304,0.002987279969163481,314.49800000000005,301.2315,318.69079999999997,0.01735284771197518,0.01578351382786,2323359.9,0.8785440430473124,0.03657817990470266,66.07489182567434,322.2807287894715,280.1822712105285,0.13975449970804266
2026-04-17,307.3,314.68,302.29,308.49,987411,PSO,Pakistan State Oil,-0.012041633306645316,-0.038702439936430855,0.008433853094047317,314.41999999999996,301.7875,318.2276,0.01653157524137708,0.015691340732750456,2089851.3,0.4724790706400975,0.02220933603935808,65.02716193054795,322.99412545427333,280.5808745457267,0.1405401181573328
2026-04-03,226.88,228.81,224.7,226.76,4391574,UBL,United Bank Limited,0.01969601582876157,0.028203500498775735,-0.026321439306110195,223.542,234.981,218.65380000000002,0.01807319810381255,0.017306002211391065,4390697.8,1.000199558257004,-0.03498580736299964,24.91285149084871,252.4593088426769,217.50269115732308,0.14876359231259148
2026-04-06,228.85,230.37,226.53,228.45,4267752,UBL,United Bank Limited,0.007452813547362824,0.011198654390934815,-0.008033000434216286,224.81,234.423,219.2682,0.01815918376199662,0.01739628435466892,4742549.0,0.8998856943808065,-0.025479581781542485,31.110554012646062,251.99140836933094,216.85459163066906,0.14988638801871826
2026-04-07,231.46,232.84,229.71,231.28,1600093,UBL,United Bank Limited,0.01238783103523744,0.04002158467488082,0.024677683753489,226.958,234.002,220.044,0.016587557013998853,0.017696056073017507,4295209.9,0.37252964051884857,-0.011632379210384423,36.99927165530493,251.44103377333067,216.56296622666935,0.14905029677743042
2026-04-08,232.09,235.43,229.22,232.32,3651450,UBL,United Bank Limited,0.004496713939813102,0.024519315575939338,0.045968213948043735,228.238,233.325,220.83759999999998,0.014198114205269004,0.01657158826016498,4217880.0,0.8657074169962159,-0.004307296689148991,39.80440096437013,249.85325268569258,216.7967473143074,0.14167579715522774
2026-04-09,228.38,231.0,227.64,229.32,1728628,UBL,United Bank Limited,-0.012913223140495922,0.003808273145108343,0.039811372086696384,229.62600000000003,232.8535,221.58219999999997,0.015262827755306524,0.015596439673996062,4186210.9,0.4129338060822496,-0.015174777274057848,35.677689788088315,249.2677624439524,216.4392375560476,0.14098360079519445
2026-04-10,229.6,232.44,226.07,229.26,2595487,UBL,United Bank Limited,-0.00026164311878595914,-0.008734002075406533,0.014783994334277573,230.12600000000003,232.0665,222.2342,0.01288760934493552,0.014144411963090337,3715165.7,0.6986194451569143,-0.01209351629807795,42.781345976013974,247.50923942837315,216.62376057162683,0.13308891570568449
2026-04-13,226.03,227.8,224.38,226.09,8350036,UBL,United Bank Limited,-0.013827095873680473,-0.026816460055096414,0.016683154959978408,229.654,230.95350000000002,222.7712,0.012474815988839177,0.013746892320528548,3918895.4,2.130711628587994,-0.021058351572844566,40.24166008501751,244.55351745354918,217.35348254645086,0.1177727763683189
2026-04-14,225.84,227.17,222.65,224.91,7706236,UBL,United Bank Limited,-0.005219160511300891,-0.019230769230769162,-0.00815840536249779,228.38000000000002,230.023,223.27259999999998,0.01004649295591405,0.013298577762025214,4246834.0,1.8145837581596074,-0.02222821196131592,39.66856549571829,242.5033223642576,217.5426776357424,0.10851369092832758
2026-04-15,226.13,232.54,222.26,227.4,5034905,UBL,United Bank Limited,0.011071095104708606,-0.008113059408531687,-0.00459619172685477,227.39600000000002,229.2935,223.88279999999997,0.01063717345701788,0.013694020192264754,4306162.8,1.1692323848044015,-0.008257975040686854,46.23572168620716,240.46564821730686,218.12135178269313,0.09744845115328735
2026-04-16,224.84,228.23,224.16,226.2,7342089,UBL,United Bank Limited,-0.005277044854881341,0.00048653191207037594,-0.021964718090626167,226.772,228.57049999999998,224.5266,0.009010909943687712,0.013692019041186084,4666825.0,1.5732514075415296,-0.010370979632059352,50.69740960120225,238.44122327110512,218.69977672889485,0.08636917949658378
2026-04-17,231.35,232.99,228.02,230.51,6856514,UBL,United Bank Limited,0.01905393457117599,0.02489884842826018,-0.007790977961432466,227.022,228.01500000000001,225.3288,0.012185719864472696,0.014488231418164884,4913319.0,1.3954953871303692,0.010942262570396833,61.71874997589107,235.82994789018557,220.20005210981446,0.06854766476022434
