date,open,high,low,close,volume,ticker,company
2026-01-26,282.31,285.39,280.07,282.73,2458472,ENGRO,Engro Corporation
2026-01-27,287.9,288.65,285.43,287.04,3473058,ENGRO,Engro Corporation
2026-01-28,288.25,290.72,283.69,287.21,2754690,ENGRO,Engro Corporation
2026-01-29,287.49,292.94,280.19,286.56,2219673,ENGRO,Engro Corporation
2026-01-30,284.27,285.62,282.77,284.2,7978413,ENGRO,Engro Corporation
2026-02-02,282.19,287.27,275.73,281.5,1500651,ENGRO,Engro Corporation
2026-02-03,279.01,282.61,274.5,278.55,1009202,ENGRO,Engro Corporation
2026-02-04,282.0,285.27,277.87,281.57,3370894,ENGRO,Engro Corporation
2026-02-05,283.12,287.48,278.01,282.74,3362384,ENGRO,Engro Corporation
2026-02-06,283.39,289.71,276.62,283.16,2109187,ENGRO,Engro Corporation
2026-02-09,282.37,285.18,277.85,281.52,7126295,ENGRO,Engro Corporation
2026-02-10,280.16,285.0,275.43,280.21,1428870,ENGRO,Engro Corporation
2026-02-11,282.48,284.45,279.45,281.95,8322027,ENGRO,Engro Corporation
2026-02-12,271.7,276.8,267.88,272.34,719253,ENGRO,Engro Corporation
2026-02-13,268.89,272.58,265.34,268.96,1068936,ENGRO,Engro Corporation
2026-02-16,265.39,272.49,259.48,265.99,843472,ENGRO,Engro Corporation
2026-02-17,268.01,268.55,264.37,266.46,3406795,ENGRO,Engro Corporation
2026-02-18,264.28,266.41,262.36,264.38,3896991,ENGRO,Engro Corporation
2026-02-19,265.53,269.08,261.03,265.05,2201905,ENGRO,Engro Corporation
2026-02-20,265.68,272.03,260.05,266.04,869562,ENGRO,Engro Corporation
2026-02-23,263.49,268.16,259.59,263.88,2728941,ENGRO,Engro Corporation
2026-02-24,262.13,267.48,260.54,264.01,5096048,ENGRO,Engro Corporation
2026-02-25,268.37,273.21,263.26,268.23,7230166,ENGRO,Engro Corporation
2026-02-26,268.14,273.65,261.81,267.73,7577649,ENGRO,Engro Corporation
2026-02-27,270.98,276.88,265.64,271.26,952320,ENGRO,Engro Corporation
2026-03-02,263.54,268.52,260.45,264.49,3257788,ENGRO,Engro Corporation
2026-03-03,262.72,268.59,255.65,262.12,3350513,ENGRO,Engro Corporation
2026-03-04,266.78,268.52,264.38,266.45,658971,ENGRO,Engro Corporation
2026-03-05,274.47,281.19,268.77,274.98,62611052,ENGRO,Engro Corporation
2026-03-06,283.39,289.89,278.84,284.36,8359337,ENGRO,Engro Corporation
2026-03-09,305.15,310.27,298.36,304.31,6070937,ENGRO,Engro Corporation
2026-03-10,313.08,317.09,310.46,313.78,13266897,ENGRO,Engro Corporation
2026-03-11,330.21,335.67,322.94,329.3,11162840,ENGRO,Engro Corporation
2026-03-12,347.2,353.97,342.23,348.1,13935080,ENGRO,Engro Corporation
2026-03-13,329.28,334.69,324.14,329.41,8056834,ENGRO,Engro Corporation
2026-03-16,317.8,324.58,311.82,318.2,100071091,ENGRO,Engro Corporation
2026-03-17,306.61,309.06,301.93,305.49,3378716,ENGRO,Engro Corporation
2026-03-18,313.09,321.77,309.62,315.69,18995707,ENGRO,Engro Corporation
2026-03-19,291.22,297.95,287.25,292.6,14140447,ENGRO,Engro Corporation
2026-03-20,276.57,280.94,272.53,276.73,4735823,ENGRO,Engro Corporation
2026-03-23,272.11,278.21,265.05,271.63,5183259,ENGRO,Engro Corporation
2026-03-24,276.37,279.02,272.32,275.67,42240439,ENGRO,Engro Corporation
2026-03-25,273.27,279.45,270.1,274.77,8225009,ENGRO,Engro Corporation
2026-03-26,279.16,281.13,277.45,279.29,2320213,ENGRO,Engro Corporation
2026-03-27,271.27,277.42,265.9,271.66,3376769,ENGRO,Engro Corporation
2026-03-30,270.57,274.85,265.8,270.33,7352123,ENGRO,Engro Corporation
2026-03-31,271.0,272.45,266.32,269.38,1035134,ENGRO,Engro Corporation
2026-04-01,269.42,276.1,266.19,271.14,2721001,ENGRO,Engro Corporation
2026-04-02,273.16,279.24,267.74,273.49,10253515,ENGRO,Engro Corporation
2026-04-03,275.44,278.89,270.61,274.75,2453538,ENGRO,Engro Corporation
2026-04-06,276.83,279.12,272.23,275.67,1815945,ENGRO,Engro Corporation
2026-04-07,263.91,269.02,259.62,264.32,575824,ENGRO,Engro Corporation
2026-04-08,267.15,271.09,264.05,267.57,3022992,ENGRO,Engro Corporation
2026-04-09,269.74,271.12,266.84,268.98,2046159,ENGRO,Engro Corporation
2026-04-10,269.21,274.24,264.37,269.3,945746,ENGRO,Engro Corporation
2026-04-13,269.08,271.33,266.48,268.9,485411,ENGRO,Engro Corporation
2026-04-14,263.8,265.68,260.66,263.17,3289509,ENGRO,Engro Corporation
2026-04-15,265.15,270.31,258.45,264.38,2433900,ENGRO,Engro Corporation
2026-04-16,259.89,264.96,255.24,260.1,2467269,ENGRO,Engro Corporation
2026-04-17,261.19,267.58,254.71,261.15,1440137,ENGRO,Engro Corporation
2026-01-26,144.27,145.33,143.05,144.19,524428,HBL,Habib Bank Limited
2026-01-27,141.36,143.98,138.55,141.27,888670,HBL,Habib Bank Limited
2026-01-28,140.97,142.46,138.39,140.42,259500,HBL,Habib Bank Limited
2026-01-29,141.83,144.68,139.4,142.04,568154,HBL,Habib Bank Limited
2026-01-30,137.49,138.56,136.52,137.54,353003,HBL,Habib Bank Limited
2026-02-02,132.76,135.46,129.36,132.41,1183533,HBL,Habib Bank Limited
2026-02-03,132.11,134.82,129.18,132.0,461615,HBL,Habib Bank Limited
2026-02-04,132.37,136.07,130.11,133.09,392126,HBL,Habib Bank Limited
2026-02-05,132.29,133.84,130.53,132.18,239242,HBL,Habib Bank Limited
2026-02-06,127.13,129.43,124.54,126.99,245047,HBL,Habib Bank Limited
2026-02-09,128.83,131.14,125.99,128.56,725857,HBL,Habib Bank Limited
2026-02-10,126.46,129.29,123.28,126.29,1289177,HBL,Habib Bank Limited
2026-02-11,127.9,129.99,124.62,127.3,190488,HBL,Habib Bank Limited
2026-02-12,128.66,128.88,127.19,128.04,1252197,HBL,Habib Bank Limited
2026-02-13,131.96,134.05,129.64,131.85,1188373,HBL,Habib Bank Limited
2026-02-16,129.41,131.99,126.3,129.15,147354,HBL,Habib Bank Limited
2026-02-17,129.31,130.55,127.79,129.17,1453470,HBL,Habib Bank Limited
2026-02-18,131.49,134.65,128.51,131.58,405267,HBL,Habib Bank Limited
2026-02-19,135.25,135.9,132.83,134.36,184515,HBL,Habib Bank Limited
2026-02-20,134.24,136.34,130.88,133.61,3762556,HBL,Habib Bank Limited
2026-02-23,142.69,143.29,140.15,141.72,9901340,HBL,Habib Bank Limited
2026-02-24,146.12,148.21,145.38,146.79,3870920,HBL,Habib Bank Limited
2026-02-25,153.48,156.96,149.55,153.25,1395536,HBL,Habib Bank Limited
2026-02-26,145.18,147.01,143.32,145.16,19410450,HBL,Habib Bank Limited
2026-02-27,144.09,145.88,142.36,144.12,9991965,HBL,Habib Bank Limited
2026-03-02,153.96,157.14,150.84,153.99,2359547,HBL,Habib Bank Limited
2026-03-03,157.94,158.68,154.98,156.83,6863637,HBL,Habib Bank Limited
2026-03-04,167.19,170.54,164.17,167.36,6853564,HBL,Habib Bank Limited
2026-03-05,167.44,170.96,163.63,167.29,1900661,HBL,Habib Bank Limited
2026-03-06,159.41,160.75,158.57,159.66,3354788,HBL,Habib Bank Limited
2026-03-09,154.85,156.97,151.29,154.13,431275,HBL,Habib Bank Limited
2026-03-10,148.21,150.01,146.61,148.31,390958,HBL,Habib Bank Limited
2026-03-11,137.97,139.7,135.45,137.57,679543,HBL,Habib Bank Limited
2026-03-12,139.15,142.78,135.98,139.38,387488,HBL,Habib Bank Limited
2026-03-13,136.72,140.0,133.58,136.79,447201,HBL,Habib Bank Limited
2026-03-16,135.59,136.8,135.06,135.93,293866,HBL,Habib Bank Limited
2026-03-17,138.91,141.21,136.64,138.92,554013,HBL,Habib Bank Limited
2026-03-18,134.02,136.95,131.69,134.32,233340,HBL,Habib Bank Limited
2026-03-19,130.39,132.07,127.7,129.89,148918,HBL,Habib Bank Limited
2026-03-20,130.18,132.03,129.17,130.6,474890,HBL,Habib Bank Limited
2026-03-23,132.88,136.22,130.11,133.17,516685,HBL,Habib Bank Limited
2026-03-24,128.62,129.67,127.45,128.56,746245,HBL,Habib Bank Limited
2026-03-25,129.92,131.03,127.61,129.32,2267507,HBL,Habib Bank Limited
2026-03-26,131.02,133.79,128.04,130.91,1018403,HBL,Habib Bank Limited
2026-03-27,127.89,130.21,125.46,127.83,176705,HBL,Habib Bank Limited
2026-03-30,126.3,129.33,123.65,126.49,154361,HBL,Habib Bank Limited
2026-03-31,126.01,127.34,125.84,126.59,147419,HBL,Habib Bank Limited
2026-04-01,127.17,129.71,124.96,127.33,854889,HBL,Habib Bank Limited
2026-04-02,128.47,131.18,126.12,128.65,869257,HBL,Habib Bank Limited
2026-04-03,130.34,131.49,128.92,130.21,856906,HBL,Habib Bank Limited
2026-04-06,129.47,131.84,127.1,129.47,1336678,HBL,Habib Bank Limited
2026-04-07,130.6,131.65,129.49,130.57,2175271,HBL,Habib Bank Limited
2026-04-08,128.46,131.79,126.34,129.07,2280370,HBL,Habib Bank Limited
2026-04-09,129.55,130.74,127.95,129.35,1400274,HBL,Habib Bank Limited
2026-04-10,126.54,127.83,125.21,126.52,726941,HBL,Habib Bank Limited
2026-04-13,124.73,126.19,124.18,125.19,4409350,HBL,Habib Bank Limited
2026-04-14,125.93,126.71,123.45,125.08,247780,HBL,Habib Bank Limited
2026-04-15,126.43,128.9,123.91,126.4,625551,HBL,Habib Bank Limited
2026-04-16,124.98,128.08,122.23,125.15,481002,HBL,Habib Bank Limited
2026-04-17,128.23,128.27,126.66,127.46,1155262,HBL,Habib Bank Limited
2026-01-26,907.58,920.92,892.09,906.5,3172475,LUCK,Lucky Cement
2026-01-27,906.37,919.45,898.23,908.84,1287306,LUCK,Lucky Cement
2026-01-28,893.52,910.16,879.43,894.79,1790581,LUCK,Lucky Cement
2026-01-29,888.88,904.28,874.2,889.24,901474,LUCK,Lucky Cement
2026-01-30,880.73,900.68,863.29,881.99,1169680,LUCK,Lucky Cement
2026-02-02,888.37,914.37,878.38,896.38,1441084,LUCK,Lucky Cement
2026-02-03,894.92,897.25,887.61,892.43,1570073,LUCK,Lucky Cement
2026-02-04,885.07,901.38,866.28,883.83,4401747,LUCK,Lucky Cement
2026-02-05,878.04,898.82,861.48,880.15,559303,LUCK,Lucky Cement
2026-02-06,877.03,896.22,858.79,877.51,5829131,LUCK,Lucky Cement
2026-02-09,878.64,881.75,872.7,877.23,585896,LUCK,Lucky Cement
2026-02-10,882.82,898.62,863.23,880.93,2697639,LUCK,Lucky Cement
2026-02-11,871.35,887.45,852.99,870.22,2777151,LUCK,Lucky Cement
2026-02-12,866.67,882.95,846.1,864.53,338947,LUCK,Lucky Cement
2026-02-13,860.61,870.87,850.25,860.56,4073834,LUCK,Lucky Cement
2026-02-16,856.19,863.2,845.19,854.2,3068379,LUCK,Lucky Cement
2026-02-17,848.98,853.97,842.22,848.09,401470,LUCK,Lucky Cement
2026-02-18,832.12,840.81,828.57,834.69,1058571,LUCK,Lucky Cement
2026-02-19,842.56,846.56,833.9,840.23,2191604,LUCK,Lucky Cement
2026-02-20,862.88,870.97,853.02,862.0,691566,LUCK,Lucky Cement
2026-02-23,855.27,876.22,836.61,856.41,4364621,LUCK,Lucky Cement
2026-02-24,857.36,870.92,843.09,857.0,111383,LUCK,Lucky Cement
2026-02-25,881.8,894.54,864.44,879.49,477484,LUCK,Lucky Cement
2026-02-26,878.29,891.65,867.47,879.56,901624,LUCK,Lucky Cement
2026-02-27,877.17,890.78,863.53,877.16,1131345,LUCK,Lucky Cement
2026-03-02,859.07,870.08,846.58,858.33,2664511,LUCK,Lucky Cement
2026-03-03,834.53,844.71,827.82,836.27,2404177,LUCK,Lucky Cement
2026-03-04,831.77,839.9,825.36,832.63,2583780,LUCK,Lucky Cement
2026-03-05,828.88,845.71,811.09,828.4,7484489,LUCK,Lucky Cement
2026-03-06,814.27,823.01,804.66,813.83,995884,LUCK,Lucky Cement
2026-03-09,813.17,832.55,796.5,814.52,8795529,LUCK,Lucky Cement
2026-03-10,860.99,879.39,838.3,858.85,9418272,LUCK,Lucky Cement
2026-03-11,880.42,895.07,869.47,882.27,28924432,LUCK,Lucky Cement
2026-03-12,889.33,897.05,882.1,889.57,6078181,LUCK,Lucky Cement
2026-03-13,905.02,912.1,896.69,904.4,6698514,LUCK,Lucky Cement
2026-03-16,861.28,865.15,853.35,859.25,1508665,LUCK,Lucky Cement
2026-03-17,795.14,800.48,791.55,796.01,1395895,LUCK,Lucky Cement
2026-03-18,745.36,753.24,738.74,745.99,1531328,LUCK,Lucky Cement
2026-03-19,726.67,731.83,715.28,723.55,2067991,LUCK,Lucky Cement
2026-03-20,720.69,729.01,713.19,721.1,3606043,LUCK,Lucky Cement
2026-03-23,718.03,727.01,712.9,719.96,2233779,LUCK,Lucky Cement
2026-03-24,717.65,729.57,703.87,716.72,1306846,LUCK,Lucky Cement
2026-03-25,734.85,744.05,727.47,735.76,3655992,LUCK,Lucky Cement
2026-03-26,732.63,747.68,721.9,734.79,1152926,LUCK,Lucky Cement
2026-03-27,732.21,733.25,723.52,728.38,3307306,LUCK,Lucky Cement
2026-03-30,727.95,737.27,715.75,726.51,1968622,LUCK,Lucky Cement
2026-03-31,720.3,727.13,708.9,718.02,3567100,LUCK,Lucky Cement
2026-04-01,724.94,737.54,704.45,720.99,2514346,LUCK,Lucky Cement
2026-04-02,724.34,737.64,709.81,723.73,1131095,LUCK,Lucky Cement
2026-04-03,755.22,761.32,744.96,753.14,1596488,LUCK,Lucky Cement
2026-04-06,747.58,758.52,739.42,748.97,4710200,LUCK,Lucky Cement
2026-04-07,746.43,758.41,735.99,747.2,1643490,LUCK,Lucky Cement
2026-04-08,727.77,747.84,714.82,731.33,327522,LUCK,Lucky Cement
2026-04-09,736.19,753.49,718.75,736.12,966595,LUCK,Lucky Cement
2026-04-10,748.55,769.22,732.39,750.8,441824,LUCK,Lucky Cement
2026-04-13,732.12,743.79,724.81,734.3,857051,LUCK,Lucky Cement
2026-04-14,727.3,737.08,716.18,726.63,2056180,LUCK,Lucky Cement
2026-04-15,737.63,743.78,734.98,739.38,774895,LUCK,Lucky Cement
2026-04-16,748.13,755.3,740.65,747.97,242270,LUCK,Lucky Cement
2026-04-17,752.07,770.98,735.36,753.17,496302,LUCK,Lucky Cement
2026-01-26,317.06,322.4,312.17,317.29,950901,PSO,Pakistan State Oil
2026-01-27,315.52,319.25,313.04,316.15,1535902,PSO,Pakistan State Oil
2026-01-28,315.05,320.27,312.73,316.5,497502,PSO,Pakistan State Oil
2026-01-29,320.22,321.29,315.86,318.58,1328538,PSO,Pakistan State Oil
2026-01-30,317.53,324.53,311.22,317.88,1718192,PSO,Pakistan State Oil
2026-02-02,313.81,319.53,307.49,313.51,1200434,PSO,Pakistan State Oil
2026-02-03,325.7,333.31,317.06,325.18,905422,PSO,Pakistan State Oil
2026-02-04,332.18,336.33,324.76,330.54,222560,PSO,Pakistan State Oil
2026-02-05,330.82,336.86,326.78,331.82,2274545,PSO,Pakistan State Oil
2026-02-06,331.52,335.19,328.11,331.65,3417677,PSO,Pakistan State Oil
2026-02-09,327.4,333.03,324.45,328.74,1176051,PSO,Pakistan State Oil
2026-02-10,324.94,330.42,321.3,325.86,3095622,PSO,Pakistan State Oil
2026-02-11,322.35,327.21,315.85,321.53,390564,PSO,Pakistan State Oil
2026-02-12,325.91,330.64,321.65,326.14,937020,PSO,Pakistan State Oil
2026-02-13,326.73,332.33,322.65,327.49,415745,PSO,Pakistan State Oil
2026-02-16,329.58,337.94,321.49,329.71,2162802,PSO,Pakistan State Oil
2026-02-17,326.36,330.44,321.18,325.81,10574141,PSO,Pakistan State Oil
2026-02-18,328.41,336.87,320.64,328.76,1221439,PSO,Pakistan State Oil
2026-02-19,326.78,329.84,321.22,325.53,4654128,PSO,Pakistan State Oil
2026-02-20,328.95,337.26,321.15,329.21,1163030,PSO,Pakistan State Oil
2026-02-23,322.32,327.55,320.18,323.86,2402271,PSO,Pakistan State Oil
2026-02-24,330.13,335.93,321.97,328.95,15015749,PSO,Pakistan State Oil
2026-02-25,354.07,361.49,347.19,354.34,2089605,PSO,Pakistan State Oil
2026-02-26,378.37,385.05,367.52,376.28,1808203,PSO,Pakistan State Oil
2026-02-27,377.88,384.51,374.81,379.66,40085771,PSO,Pakistan State Oil
2026-03-02,372.82,378.61,365.1,371.86,11321381,PSO,Pakistan State Oil
2026-03-03,354.98,364.73,347.06,355.89,4855271,PSO,Pakistan State Oil
2026-03-04,348.92,356.98,343.08,350.03,6922649,PSO,Pakistan State Oil
2026-03-05,343.56,350.52,334.2,342.36,17921017,PSO,Pakistan State Oil
2026-03-06,330.76,337.02,322.54,329.78,3179045,PSO,Pakistan State Oil
2026-03-09,320.37,327.29,312.03,319.66,163761,PSO,Pakistan State Oil
2026-03-10,312.51,320.93,305.44,313.19,1705331,PSO,Pakistan State Oil
2026-03-11,317.88,324.01,313.69,318.85,339518,PSO,Pakistan State Oil
2026-03-12,311.52,318.44,307.14,312.79,498695,PSO,Pakistan State Oil
2026-03-13,314.58,321.26,308.79,315.02,7139306,PSO,Pakistan State Oil
2026-03-16,310.11,316.11,304.96,310.54,1235383,PSO,Pakistan State Oil
2026-03-17,302.33,305.65,298.62,302.14,588625,PSO,Pakistan State Oil
2026-03-18,302.71,304.26,301.19,302.72,493521,PSO,Pakistan State Oil
2026-03-19,301.92,307.79,295.34,301.56,772033,PSO,Pakistan State Oil
2026-03-20,297.4,299.68,295.06,297.37,565967,PSO,Pakistan State Oil
2026-03-23,294.47,302.18,288.28,295.23,1544837,PSO,Pakistan State Oil
2026-03-24,293.9,294.73,291.62,293.17,1726445,PSO,Pakistan State Oil
2026-03-25,290.13,291.17,287.13,289.15,351026,PSO,Pakistan State Oil
2026-03-26,286.19,289.75,282.71,286.23,580888,PSO,Pakistan State Oil
2026-03-27,291.22,293.49,287.9,290.7,457928,PSO,Pakistan State Oil
2026-03-30,287.48,290.35,285.69,288.02,1617944,PSO,Pakistan State Oil
2026-03-31,293.51,298.24,290.06,294.15,1596705,PSO,Pakistan State Oil
2026-04-01,290.86,294.01,287.23,290.62,818247,PSO,Pakistan State Oil
2026-04-02,293.83,301.27,289.25,295.26,250800,PSO,Pakistan State Oil
2026-04-03,304.81,310.33,298.52,304.43,3322497,PSO,Pakistan State Oil
2026-04-06,307.53,309.78,304.48,307.13,8887532,PSO,Pakistan State Oil
2026-04-07,310.89,318.16,304.48,311.32,2327439,PSO,Pakistan State Oil
2026-04-08,306.46,310.58,301.24,305.91,546659,PSO,Pakistan State Oil
2026-04-09,304.48,309.48,297.42,303.45,431652,PSO,Pakistan State Oil
2026-04-10,308.94,313.39,304.37,308.88,461099,PSO,Pakistan State Oil
2026-04-13,313.99,316.89,311.88,314.39,3478833,PSO,Pakistan State Oil
2026-04-14,320.33,322.88,318.94,320.91,710033,PSO,Pakistan State Oil
2026-04-15,315.94,319.34,312.78,316.06,1026681,PSO,Pakistan State Oil
2026-04-16,311.86,315.3,309.21,312.25,2041174,PSO,Pakistan State Oil
2026-04-17,307.3,314.68,302.29,308.49,987411,PSO,Pakistan State Oil
2026-01-26,180.94,182.47,179.51,180.99,613443,OGDC,Oil & Gas Dev Company
2026-01-27,177.01,179.06,174.61,176.84,735184,OGDC,Oil & Gas Dev Company
2026-01-28,173.58,177.36,169.48,173.42,998633,OGDC,Oil & Gas Dev Company
2026-01-29,167.91,170.97,165.92,168.44,1452651,OGDC,Oil & Gas Dev Company
2026-01-30,170.39,170.95,168.54,169.75,4785426,OGDC,Oil & Gas Dev Company
2026-02-02,172.78,176.3,167.95,172.13,637085,OGDC,Oil & Gas Dev Company
2026-02-03,169.45,171.05,166.38,168.71,1092464,OGDC,Oil & Gas Dev Company
2026-02-04,168.96,171.27,164.1,167.68,3254050,OGDC,Oil & Gas Dev Company
2026-02-05,170.43,172.69,168.38,170.54,2428832,OGDC,Oil & Gas Dev Company
2026-02-06,174.22,178.66,171.0,174.83,478662,OGDC,Oil & Gas Dev Company
2026-02-09,179.72,182.3,178.3,180.3,1340728,OGDC,Oil & Gas Dev Company
2026-02-10,179.51,182.9,174.89,178.9,3392552,OGDC,Oil & Gas Dev Company
2026-02-11,178.06,182.19,174.53,178.36,687529,OGDC,Oil & Gas Dev Company
2026-02-12,175.96,178.32,173.31,175.82,1005908,OGDC,Oil & Gas Dev Company
2026-02-13,171.06,173.19,171.06,172.12,3078868,OGDC,Oil & Gas Dev Company
2026-02-16,168.12,171.42,164.19,167.81,3726248,OGDC,Oil & Gas Dev Company
2026-02-17,167.48,169.41,165.77,167.59,5288935,OGDC,Oil & Gas Dev Company
2026-02-18,171.77,174.95,169.71,172.33,277533,OGDC,Oil & Gas Dev Company
2026-02-19,174.32,175.88,171.08,173.48,1130188,OGDC,Oil & Gas Dev Company
2026-02-20,177.46,179.83,174.34,177.09,3033731,OGDC,Oil & Gas Dev Company
2026-02-23,174.19,175.11,172.34,173.73,19637527,OGDC,Oil & Gas Dev Company
2026-02-24,178.68,182.34,174.81,178.58,5284932,OGDC,Oil & Gas Dev Company
2026-02-25,184.3,186.09,181.45,183.77,4269644,OGDC,Oil & Gas Dev Company
2026-02-26,184.17,188.61,180.42,184.51,4652968,OGDC,Oil & Gas Dev Company
2026-02-27,170.84,172.84,169.85,171.34,9105944,OGDC,Oil & Gas Dev Company
2026-03-02,157.61,161.16,154.46,157.81,1457649,OGDC,Oil & Gas Dev Company
2026-03-03,152.97,153.78,151.99,152.89,2229557,OGDC,Oil & Gas Dev Company
2026-03-04,153.73,157.07,150.14,153.61,5471522,OGDC,Oil & Gas Dev Company
2026-03-05,160.05,161.55,158.47,160.01,253405,OGDC,Oil & Gas Dev Company
2026-03-06,162.01,163.83,160.87,162.35,873022,OGDC,Oil & Gas Dev Company
2026-03-09,158.87,160.59,158.03,159.31,1577378,OGDC,Oil & Gas Dev Company
2026-03-10,161.74,162.63,160.77,161.7,1756380,OGDC,Oil & Gas Dev Company
2026-03-11,163.07,163.5,161.59,162.55,1230472,OGDC,Oil & Gas Dev Company
2026-03-12,160.35,162.37,157.85,160.11,2333195,OGDC,Oil & Gas Dev Company
2026-03-13,156.39,158.38,156.06,157.22,2847128,OGDC,Oil & Gas Dev Company
2026-03-16,154.16,154.99,153.17,154.08,680470,OGDC,Oil & Gas Dev Company
2026-03-17,149.25,151.25,147.66,149.46,1557701,OGDC,Oil & Gas Dev Company
2026-03-18,150.4,152.24,148.98,150.61,985292,OGDC,Oil & Gas Dev Company
2026-03-19,149.31,152.4,147.42,149.91,1418924,OGDC,Oil & Gas Dev Company
2026-03-20,152.95,155.51,149.33,152.42,1699978,OGDC,Oil & Gas Dev Company
2026-03-23,153.22,155.57,151.2,153.39,674592,OGDC,Oil & Gas Dev Company
2026-03-24,156.95,160.39,155.21,157.8,488418,OGDC,Oil & Gas Dev Company
2026-03-25,153.72,155.05,153.24,154.15,3199514,OGDC,Oil & Gas Dev Company
2026-03-26,152.37,155.31,150.04,152.68,3653919,OGDC,Oil & Gas Dev Company
2026-03-27,153.48,156.56,149.81,153.19,310684,OGDC,Oil & Gas Dev Company
2026-03-30,153.29,155.34,150.83,153.08,201245,OGDC,Oil & Gas Dev Company
2026-03-31,152.83,155.23,149.82,152.52,517582,OGDC,Oil & Gas Dev Company
2026-04-01,148.36,151.73,146.27,149.0,1272300,OGDC,Oil & Gas Dev Company
2026-04-02,150.11,151.14,148.97,150.06,1429227,OGDC,Oil & Gas Dev Company
2026-04-03,154.13,156.89,152.03,154.46,2239232,OGDC,Oil & Gas Dev Company
2026-04-06,152.65,155.4,149.62,152.51,1196656,OGDC,Oil & Gas Dev Company
2026-04-07,153.85,155.46,151.46,153.46,1418318,OGDC,Oil & Gas Dev Company
2026-04-08,151.92,154.6,148.28,151.44,12494591,OGDC,Oil & Gas Dev Company
2026-04-09,155.05,158.69,152.09,155.39,4565626,OGDC,Oil & Gas Dev Company
2026-04-10,149.12,152.72,146.29,149.5,920445,OGDC,Oil & Gas Dev Company
2026-04-13,151.28,151.98,150.44,151.21,594836,OGDC,Oil & Gas Dev Company
2026-04-14,151.66,153.12,149.72,151.42,3900577,OGDC,Oil & Gas Dev Company
2026-04-15,152.45,156.21,149.26,152.73,1547285,OGDC,Oil & Gas Dev Company
2026-04-16,149.68,151.57,147.9,149.73,3365117,OGDC,Oil & Gas Dev Company
2026-04-17,147.41,151.05,144.04,147.54,940615,OGDC,Oil & Gas Dev Company
2026-01-26,197.52,201.85,193.6,197.73,7324646,UBL,United Bank Limited
2026-01-27,192.86,195.42,189.57,192.49,4231682,UBL,United Bank Limited
2026-01-28,192.77,195.41,189.86,192.64,33339361,UBL,United Bank Limited
2026-01-29,193.01,194.37,189.8,192.09,2053315,UBL,United Bank Limited
2026-01-30,196.19,197.95,195.36,196.66,3080513,UBL,United Bank Limited
2026-02-02,199.39,200.91,197.56,199.24,13575522,UBL,United Bank Limited
2026-02-03,200.81,201.63,198.05,199.84,9651573,UBL,United Bank Limited
2026-02-04,196.5,198.47,195.31,196.89,2846530,UBL,United Bank Limited
2026-02-05,193.75,197.81,190.21,194.01,2892118,UBL,United Bank Limited
2026-02-06,190.82,191.64,189.16,190.4,661339,UBL,United Bank Limited
2026-02-09,198.28,201.34,193.81,197.57,20270655,UBL,United Bank Limited
2026-02-10,196.29,200.18,190.59,195.39,1291031,UBL,United Bank Limited
2026-02-11,195.42,197.94,192.24,195.09,12611541,UBL,United Bank Limited
2026-02-12,192.04,195.85,187.83,191.84,4459272,UBL,United Bank Limited
2026-02-13,199.21,200.12,197.13,198.63,1087056,UBL,United Bank Limited
2026-02-16,203.54,203.13,200.75,201.94,3531906,UBL,United Bank Limited
2026-02-17,198.7,200.9,198.25,199.57,6160115,UBL,United Bank Limited
2026-02-18,205.41,208.18,202.23,205.2,3683794,UBL,United Bank Limited
2026-02-19,211.26,212.88,209.27,211.08,3403217,UBL,United Bank Limited
2026-02-20,208.98,214.24,205.59,209.92,7408555,UBL,United Bank Limited
2026-02-23,211.22,217.52,207.82,212.67,1173013,UBL,United Bank Limited
2026-02-24,210.63,214.46,207.9,211.18,31893770,UBL,United Bank Limited
2026-02-25,222.7,224.62,221.62,223.12,5349591,UBL,United Bank Limited
2026-02-26,221.43,225.38,217.76,221.57,78488673,UBL,United Bank Limited
2026-02-27,238.87,242.07,236.17,239.12,24729990,UBL,United Bank Limited
2026-03-02,240.19,244.16,238.41,241.28,9777858,UBL,United Bank Limited
2026-03-03,231.01,237.26,225.95,231.61,31341525,UBL,United Bank Limited
2026-03-04,223.4,226.56,220.57,223.56,1737295,UBL,United Bank Limited
2026-03-05,230.97,235.4,228.61,232.01,3816659,UBL,United Bank Limited
2026-03-06,239.09,244.24,233.22,238.73,7102189,UBL,United Bank Limited
2026-03-09,239.84,242.87,236.35,239.61,6564029,UBL,United Bank Limited
2026-03-10,240.26,243.14,236.26,239.7,10031108,UBL,United Bank Limited
2026-03-11,245.54,250.72,240.99,245.86,5890469,UBL,United Bank Limited
2026-03-12,238.49,243.5,234.0,238.75,2911700,UBL,United Bank Limited
2026-03-13,244.98,250.39,239.6,245.0,6091865,UBL,United Bank Limited
2026-03-16,247.96,253.92,242.79,248.35,2959681,UBL,United Bank Limited
2026-03-17,243.6,245.36,241.68,243.52,1105352,UBL,United Bank Limited
2026-03-18,242.44,244.1,239.89,241.99,5830202,UBL,United Bank Limited
2026-03-19,241.16,243.65,237.68,240.66,4399047,UBL,United Bank Limited
2026-03-20,241.0,247.56,235.68,241.62,9663330,UBL,United Bank Limited
2026-03-23,235.39,238.13,230.72,234.43,749240,UBL,United Bank Limited
2026-03-24,232.9,238.52,228.52,233.52,6073484,UBL,United Bank Limited
2026-03-25,233.64,237.77,228.01,232.89,4424749,UBL,United Bank Limited
2026-03-26,230.96,235.61,224.99,230.3,2045319,UBL,United Bank Limited
2026-03-27,226.18,228.76,222.65,225.71,7305939,UBL,United Bank Limited
2026-03-30,223.11,226.04,218.18,222.11,6312739,UBL,United Bank Limited
2026-03-31,220.93,222.6,218.47,220.54,4426850,UBL,United Bank Limited
2026-04-01,224.93,231.22,220.63,225.92,4441617,UBL,United Bank Limited
2026-04-02,222.79,224.69,220.07,222.38,3735467,UBL,United Bank Limited
2026-04-03,226.88,228.81,224.7,226.76,4391574,UBL,United Bank Limited
2026-04-06,228.85,230.37,226.53,228.45,4267752,UBL,United Bank Limited
2026-04-07,231.46,232.84,229.71,231.28,1600093,UBL,United Bank Limited
2026-04-08,232.09,235.43,229.22,232.32,3651450,UBL,United Bank Limited
2026-04-09,228.38,231.0,227.64,229.32,1728628,UBL,United Bank Limited
2026-04-10,229.6,232.44,226.07,229.26,2595487,UBL,United Bank Limited
2026-04-13,226.03,227.8,224.38,226.09,8350036,UBL,United Bank Limited
2026-04-14,225.84,227.17,222.65,224.91,7706236,UBL,United Bank Limited
2026-04-15,226.13,232.54,222.26,227.4,5034905,UBL,United Bank Limited
2026-04-16,224.84,228.23,224.16,226.2,7342089,UBL,United Bank Limited
2026-04-17,231.35,232.99,228.02,230.51,6856514,UBL,United Bank Limited
2026-01-26,227.13,232.94,221.63,227.28,403066,MCB,MCB Bank
2026-01-27,229.69,234.9,224.86,229.88,678995,MCB,MCB Bank
2026-01-28,225.38,228.71,220.94,224.83,715301,MCB,MCB Bank
2026-01-29,224.15,225.06,222.53,223.79,267884,MCB,MCB Bank
2026-01-30,228.17,232.29,223.1,227.7,232490,MCB,MCB Bank
2026-02-02,232.74,238.08,228.12,233.1,464201,MCB,MCB Bank
2026-02-03,227.25,228.36,224.37,226.37,759971,MCB,MCB Bank
2026-02-04,228.3,230.08,226.83,228.46,1292648,MCB,MCB Bank
2026-02-05,226.48,229.7,223.05,226.38,1232289,MCB,MCB Bank
2026-02-06,224.92,230.61,219.46,225.03,1172696,MCB,MCB Bank
2026-02-09,227.22,232.11,221.22,226.67,424715,MCB,MCB Bank
2026-02-10,226.05,232.03,222.33,227.18,445953,MCB,MCB Bank
2026-02-11,221.17,224.53,218.66,221.59,914148,MCB,MCB Bank
2026-02-12,217.84,222.44,213.71,218.07,2041298,MCB,MCB Bank
2026-02-13,224.33,229.17,221.26,225.21,8375603,MCB,MCB Bank
2026-02-16,226.42,227.48,223.9,225.69,323986,MCB,MCB Bank
2026-02-17,220.93,227.21,216.51,221.86,397217,MCB,MCB Bank
2026-02-18,220.85,223.71,219.21,221.46,335596,MCB,MCB Bank
2026-02-19,222.28,226.63,217.55,222.09,155953,MCB,MCB Bank
2026-02-20,225.55,229.83,219.22,224.53,949988,MCB,MCB Bank
2026-02-23,220.66,226.64,215.82,221.23,625249,MCB,MCB Bank
2026-02-24,226.52,226.71,223.73,225.22,370197,MCB,MCB Bank
2026-02-25,218.75,221.99,215.83,218.91,761411,MCB,MCB Bank
2026-02-26,218.56,219.09,216.53,217.81,1133915,MCB,MCB Bank
2026-02-27,215.01,219.07,211.17,215.12,202755,MCB,MCB Bank
2026-03-02,218.72,221.02,216.54,218.78,7281844,MCB,MCB Bank
2026-03-03,236.95,242.71,231.48,237.1,6678376,MCB,MCB Bank
2026-03-04,246.89,251.46,241.96,246.71,1477906,MCB,MCB Bank
2026-03-05,255.62,257.12,251.64,254.38,13207190,MCB,MCB Bank
2026-03-06,247.79,254.35,242.68,248.52,3101685,MCB,MCB Bank
2026-03-09,241.09,247.59,237.96,242.78,6261755,MCB,MCB Bank
2026-03-10,244.79,249.67,239.5,244.59,18058233,MCB,MCB Bank
2026-03-11,227.05,230.77,224.79,227.78,1985568,MCB,MCB Bank
2026-03-12,215.52,219.59,211.62,215.6,4031694,MCB,MCB Bank
2026-03-13,214.07,217.89,211.96,214.92,520873,MCB,MCB Bank
2026-03-16,208.76,211.43,204.77,208.1,404247,MCB,MCB Bank
2026-03-17,209.39,213.77,204.03,208.9,373683,MCB,MCB Bank
2026-03-18,214.54,218.09,211.41,214.75,1001512,MCB,MCB Bank
2026-03-19,221.26,224.27,217.91,221.09,681635,MCB,MCB Bank
2026-03-20,215.08,216.97,213.64,215.3,272895,MCB,MCB Bank
2026-03-23,207.34,210.38,205.84,208.11,3238883,MCB,MCB Bank
2026-03-24,206.74,208.5,205.25,206.88,807750,MCB,MCB Bank
2026-03-25,204.77,209.51,200.35,204.93,560864,MCB,MCB Bank
2026-03-26,204.08,207.1,201.35,204.22,546452,MCB,MCB Bank
2026-03-27,204.32,205.69,202.03,203.86,3774799,MCB,MCB Bank
2026-03-30,205.19,206.81,202.66,204.73,588792,MCB,MCB Bank
2026-03-31,203.82,209.36,199.46,204.41,2902983,MCB,MCB Bank
2026-04-01,205.95,209.69,200.65,205.17,728935,MCB,MCB Bank
2026-04-02,208.84,211.99,205.72,208.86,1018809,MCB,MCB Bank
2026-04-03,201.98,204.93,198.58,201.75,307036,MCB,MCB Bank
2026-04-06,200.22,201.5,198.87,200.19,894738,MCB,MCB Bank
2026-04-07,198.68,201.68,195.07,198.38,337835,MCB,MCB Bank
2026-04-08,201.53,204.9,199.7,202.3,625980,MCB,MCB Bank
2026-04-09,198.39,200.26,194.37,197.31,831775,MCB,MCB Bank
2026-04-10,194.41,195.3,192.08,193.69,429467,MCB,MCB Bank
2026-04-13,196.11,197.85,194.54,196.2,295414,MCB,MCB Bank
2026-04-14,195.01,199.94,191.19,195.57,634256,MCB,MCB Bank
2026-04-15,206.23,207.69,204.03,205.86,863525,MCB,MCB Bank
2026-04-16,209.7,211.66,205.69,208.67,261500,MCB,MCB Bank
2026-04-17,210.15,211.82,209.34,210.58,570806,MCB,MCB Bank
2026-01-26,94.45,96.43,92.13,94.28,2995846,HUBC,Hub Power Company
2026-01-27,94.11,95.88,92.23,94.05,1157312,HUBC,Hub Power Company
2026-01-28,91.81,93.33,90.67,92.0,4445331,HUBC,Hub Power Company
2026-01-29,90.28,91.01,89.74,90.37,15260073,HUBC,Hub Power Company
2026-01-30,93.17,93.92,92.43,93.17,6379655,HUBC,Hub Power Company
2026-02-02,89.88,91.59,88.49,90.04,2868489,HUBC,Hub Power Company
2026-02-03,91.49,91.66,90.66,91.16,4783599,HUBC,Hub Power Company
2026-02-04,88.89,90.91,86.65,88.78,1704215,HUBC,Hub Power Company
2026-02-05,87.81,90.01,85.99,88.0,3245269,HUBC,Hub Power Company
2026-02-06,87.85,89.13,86.32,87.73,4016958,HUBC,Hub Power Company
2026-02-09,89.96,91.69,87.39,89.54,5416098,HUBC,Hub Power Company
2026-02-10,89.61,91.6,87.3,89.45,2667858,HUBC,Hub Power Company
2026-02-11,87.66,88.42,86.68,87.55,2417083,HUBC,Hub Power Company
2026-02-12,87.73,88.74,86.5,87.62,7368078,HUBC,Hub Power Company
2026-02-13,84.95,85.92,85.02,85.47,920727,HUBC,Hub Power Company
2026-02-16,87.2,87.76,86.22,86.99,1586585,HUBC,Hub Power Company
2026-02-17,89.18,91.64,87.23,89.44,6626495,HUBC,Hub Power Company
2026-02-18,88.19,88.25,87.3,87.77,11502710,HUBC,Hub Power Company
2026-02-19,87.26,88.81,85.36,87.09,1610856,HUBC,Hub Power Company
2026-02-20,88.65,89.41,87.14,88.28,12896600,HUBC,Hub Power Company
2026-02-23,89.18,90.19,87.27,88.73,2131768,HUBC,Hub Power Company
2026-02-24,91.06,93.5,89.59,91.55,29110906,HUBC,Hub Power Company
2026-02-25,87.85,88.28,87.4,87.84,1170086,HUBC,Hub Power Company
2026-02-26,86.29,88.29,84.82,86.56,2892649,HUBC,Hub Power Company
2026-02-27,86.01,86.22,85.17,85.7,3447655,HUBC,Hub Power Company
2026-03-02,85.01,86.63,82.8,84.72,983371,HUBC,Hub Power Company
2026-03-03,80.44,81.5,79.43,80.46,1003209,HUBC,Hub Power Company
2026-03-04,80.55,81.13,80.0,80.56,12922367,HUBC,Hub Power Company
2026-03-05,83.97,84.42,83.38,83.9,14213669,HUBC,Hub Power Company
2026-03-06,87.22,88.39,85.96,87.18,28607921,HUBC,Hub Power Company
2026-03-09,86.33,87.46,85.7,86.58,17139473,HUBC,Hub Power Company
2026-03-10,85.78,87.7,84.13,85.92,28094235,HUBC,Hub Power Company
2026-03-11,83.29,84.56,81.98,83.27,9503841,HUBC,Hub Power Company
2026-03-12,79.87,81.09,78.42,79.76,1264656,HUBC,Hub Power Company
2026-03-13,77.13,77.89,76.18,77.04,813503,HUBC,Hub Power Company
2026-03-16,76.6,76.92,75.89,76.41,4816835,HUBC,Hub Power Company
2026-03-17,78.01,78.92,77.12,78.02,1814014,HUBC,Hub Power Company
2026-03-18,77.54,78.45,76.54,77.49,15524203,HUBC,Hub Power Company
2026-03-19,80.37,80.79,79.94,80.37,14372791,HUBC,Hub Power Company
2026-03-20,85.25,85.84,84.15,84.99,11675217,HUBC,Hub Power Company
2026-03-23,90.75,92.67,88.99,90.83,50270296,HUBC,Hub Power Company
2026-03-24,92.26,94.77,90.73,92.75,23047970,HUBC,Hub Power Company
2026-03-25,96.79,98.29,95.42,96.85,72651823,HUBC,Hub Power Company
2026-03-26,97.22,98.64,94.74,96.69,4412910,HUBC,Hub Power Company
2026-03-27,93.48,94.91,92.57,93.74,5186293,HUBC,Hub Power Company
2026-03-30,90.98,92.65,88.25,90.45,2358476,HUBC,Hub Power Company
2026-03-31,91.17,92.03,90.46,91.24,1478209,HUBC,Hub Power Company
2026-04-01,91.0,92.47,91.08,91.77,1320051,HUBC,Hub Power Company
2026-04-02,94.81,95.44,93.23,94.34,2882796,HUBC,Hub Power Company
2026-04-03,98.69,99.66,98.52,99.09,929636,HUBC,Hub Power Company
2026-04-06,95.91,97.75,93.79,95.77,1872729,HUBC,Hub Power Company
2026-04-07,93.88,94.75,92.82,93.79,8824852,HUBC,Hub Power Company
2026-04-08,95.09,96.87,93.53,95.2,2591968,HUBC,Hub Power Company
2026-04-09,95.39,97.86,93.16,95.51,4639987,HUBC,Hub Power Company
2026-04-10,91.84,92.58,90.26,91.42,32225119,HUBC,Hub Power Company
2026-04-13,93.2,95.07,91.18,93.13,15944185,HUBC,Hub Power Company
2026-04-14,90.22,90.7,89.41,90.05,2837838,HUBC,Hub Power Company
2026-04-15,92.59,93.52,90.76,92.14,1293972,HUBC,Hub Power Company
2026-04-16,92.5,93.23,91.89,92.56,1454830,HUBC,Hub Power Company
2026-04-17,94.54,96.43,92.47,94.45,4605664,HUBC,Hub Power Company
2026-01-26,113.35,116.15,110.81,113.48,14245771,PPL,Pakistan Petroleum
2026-01-27,110.97,113.21,108.28,110.74,1849311,PPL,Pakistan Petroleum
2026-01-28,113.78,116.58,111.24,113.91,1043537,PPL,Pakistan Petroleum
2026-01-29,113.04,113.65,111.64,112.65,3680269,PPL,Pakistan Petroleum
2026-01-30,111.17,112.32,109.82,111.07,11882490,PPL,Pakistan Petroleum
2026-02-02,111.69,112.05,110.67,111.36,5995133,PPL,Pakistan Petroleum
2026-02-03,107.58,110.25,105.23,107.74,2858944,PPL,Pakistan Petroleum
2026-02-04,108.13,109.59,105.93,107.76,3512090,PPL,Pakistan Petroleum
2026-02-05,104.84,106.0,102.15,104.08,2537706,PPL,Pakistan Petroleum
2026-02-06,99.83,101.9,97.44,99.67,13879014,PPL,Pakistan Petroleum
2026-02-09,98.31,100.53,96.47,98.5,29206087,PPL,Pakistan Petroleum
2026-02-10,100.17,102.03,99.41,100.72,5381377,PPL,Pakistan Petroleum
2026-02-11,103.08,103.3,102.07,102.68,2809856,PPL,Pakistan Petroleum
2026-02-12,102.41,104.1,100.98,102.54,1170034,PPL,Pakistan Petroleum
2026-02-13,101.71,103.42,99.84,101.63,972971,PPL,Pakistan Petroleum
2026-02-16,102.24,104.18,99.82,102.0,4029131,PPL,Pakistan Petroleum
2026-02-17,102.51,103.33,100.75,102.04,2111857,PPL,Pakistan Petroleum
2026-02-18,103.41,104.69,102.6,103.65,3560290,PPL,Pakistan Petroleum
2026-02-19,100.76,101.51,98.95,100.23,1382198,PPL,Pakistan Petroleum
2026-02-20,96.83,98.14,95.6,96.87,19738999,PPL,Pakistan Petroleum
2026-02-23,97.78,99.78,96.49,98.13,9978809,PPL,Pakistan Petroleum
2026-02-24,99.61,101.62,97.16,99.39,2756004,PPL,Pakistan Petroleum
2026-02-25,107.29,108.19,106.2,107.2,8512258,PPL,Pakistan Petroleum
2026-02-26,113.46,116.35,110.76,113.56,289019642,PPL,Pakistan Petroleum
2026-02-27,105.28,106.97,104.0,105.48,45248748,PPL,Pakistan Petroleum
2026-03-02,101.73,102.41,101.37,101.89,41419185,PPL,Pakistan Petroleum
2026-03-03,96.27,96.93,94.57,95.75,10571970,PPL,Pakistan Petroleum
2026-03-04,91.7,92.47,90.78,91.62,170867153,PPL,Pakistan Petroleum
2026-03-05,86.7,87.96,85.01,86.48,6025099,PPL,Pakistan Petroleum
2026-03-06,82.16,84.17,80.26,82.21,5625529,PPL,Pakistan Petroleum
2026-03-09,79.57,81.55,77.85,79.7,5191556,PPL,Pakistan Petroleum
2026-03-10,77.19,78.61,76.15,77.38,3351603,PPL,Pakistan Petroleum
2026-03-11,73.81,75.91,72.63,74.27,1815241,PPL,Pakistan Petroleum
2026-03-12,74.65,74.66,73.57,74.12,1448375,PPL,Pakistan Petroleum
2026-03-13,73.78,74.38,73.32,73.85,1487098,PPL,Pakistan Petroleum
2026-03-16,72.5,73.17,71.92,72.55,1076701,PPL,Pakistan Petroleum
2026-03-17,73.2,74.75,72.56,73.65,9380483,PPL,Pakistan Petroleum
2026-03-18,74.47,76.15,72.45,74.3,3441760,PPL,Pakistan Petroleum
2026-03-19,72.88,74.82,71.26,73.04,2043558,PPL,Pakistan Petroleum
2026-03-20,72.12,72.71,71.22,71.96,13605817,PPL,Pakistan Petroleum
2026-03-23,71.22,72.28,70.08,71.18,7833574,PPL,Pakistan Petroleum
2026-03-24,71.89,72.33,71.26,71.8,3371982,PPL,Pakistan Petroleum
2026-03-25,68.92,69.88,68.59,69.23,2197894,PPL,Pakistan Petroleum
2026-03-26,69.21,71.01,67.61,69.31,13859907,PPL,Pakistan Petroleum
2026-03-27,70.38,71.49,68.84,70.16,4043898,PPL,Pakistan Petroleum
2026-03-30,72.17,73.36,71.24,72.3,7900013,PPL,Pakistan Petroleum
2026-03-31,74.24,74.53,73.41,73.97,4110307,PPL,Pakistan Petroleum
2026-04-01,74.29,74.34,73.38,73.86,2136750,PPL,Pakistan Petroleum
2026-04-02,73.53,75.28,71.7,73.49,6335979,PPL,Pakistan Petroleum
2026-04-03,73.0,73.57,71.3,72.43,2446732,PPL,Pakistan Petroleum
2026-04-06,72.65,74.13,71.74,72.93,2267184,PPL,Pakistan Petroleum
2026-04-07,72.24,72.84,71.43,72.14,2941201,PPL,Pakistan Petroleum
2026-04-08,72.05,73.8,70.71,72.25,4160037,PPL,Pakistan Petroleum
2026-04-09,73.99,74.36,73.1,73.73,5551687,PPL,Pakistan Petroleum
2026-04-10,72.38,72.6,70.8,71.7,718740,PPL,Pakistan Petroleum
2026-04-13,72.06,72.61,71.34,71.98,2498920,PPL,Pakistan Petroleum
2026-04-14,71.54,72.45,70.8,71.63,1543985,PPL,Pakistan Petroleum
2026-04-15,67.17,68.37,66.05,67.21,5544954,PPL,Pakistan Petroleum
2026-04-16,67.96,69.26,66.7,67.98,255747,PPL,Pakistan Petroleum
2026-04-17,70.69,71.06,70.1,70.58,2383433,PPL,Pakistan Petroleum
2026-01-26,1786.71,1803.33,1772.66,1788.0,1226380,MARI,Mari Petroleum
2026-01-27,1787.4,1827.52,1747.05,1787.29,2952629,MARI,Mari Petroleum
2026-01-28,1793.93,1840.54,1763.34,1801.94,7538730,MARI,Mari Petroleum
2026-01-29,1798.63,1814.25,1784.1,1799.17,2070218,MARI,Mari Petroleum
2026-01-30,1753.53,1776.61,1742.94,1759.77,4163524,MARI,Mari Petroleum
2026-02-02,1778.95,1802.42,1757.23,1779.83,2593736,MARI,Mari Petroleum
2026-02-03,1853.7,1891.01,1834.0,1862.51,13295448,MARI,Mari Petroleum
2026-02-04,1795.86,1807.9,1780.95,1794.42,3636994,MARI,Mari Petroleum
2026-02-05,1748.62,1780.22,1706.51,1743.36,12158286,MARI,Mari Petroleum
2026-02-06,1740.1,1744.85,1709.41,1727.13,3587703,MARI,Mari Petroleum
2026-02-09,1690.19,1717.05,1650.53,1683.79,786914,MARI,Mari Petroleum
2026-02-10,1641.28,1661.6,1594.63,1628.12,3533984,MARI,Mari Petroleum
2026-02-11,1644.54,1681.51,1609.69,1645.6,1526977,MARI,Mari Petroleum
2026-02-12,1584.3,1602.51,1570.84,1586.68,2036809,MARI,Mari Petroleum
2026-02-13,1610.3,1638.99,1572.53,1605.76,5475721,MARI,Mari Petroleum
2026-02-16,1584.83,1627.54,1553.63,1590.59,3895000,MARI,Mari Petroleum
2026-02-17,1591.17,1618.02,1572.03,1595.03,5189642,MARI,Mari Petroleum
2026-02-18,1609.28,1632.77,1594.03,1613.4,2352933,MARI,Mari Petroleum
2026-02-19,1620.41,1642.34,1606.6,1624.47,1571084,MARI,Mari Petroleum
2026-02-20,1582.96,1610.8,1565.81,1588.3,3245465,MARI,Mari Petroleum
2026-02-23,1561.43,1584.98,1545.31,1565.14,1529813,MARI,Mari Petroleum
2026-02-24,1625.41,1640.94,1615.95,1628.44,1138081,MARI,Mari Petroleum
2026-02-25,1666.21,1689.51,1641.73,1665.62,4285134,MARI,Mari Petroleum
2026-02-26,1643.85,1685.48,1606.0,1645.74,7319482,MARI,Mari Petroleum
2026-02-27,1587.15,1606.01,1582.45,1594.23,5313118,MARI,Mari Petroleum
2026-03-02,1574.69,1587.89,1556.78,1572.34,3452615,MARI,Mari Petroleum
2026-03-03,1585.08,1602.92,1559.12,1581.02,1505093,MARI,Mari Petroleum
2026-03-04,1626.96,1651.63,1595.59,1623.61,3623856,MARI,Mari Petroleum
2026-03-05,1554.88,1590.94,1515.23,1553.09,1110109,MARI,Mari Petroleum
2026-03-06,1618.15,1660.07,1583.23,1621.65,2792520,MARI,Mari Petroleum
2026-03-09,1663.99,1704.52,1630.44,1667.48,1963328,MARI,Mari Petroleum
2026-03-10,1634.62,1646.93,1623.6,1635.27,3061859,MARI,Mari Petroleum
2026-03-11,1734.5,1750.95,1729.82,1740.39,2692588,MARI,Mari Petroleum
2026-03-12,1810.01,1827.52,1786.81,1807.16,1478657,MARI,Mari Petroleum
2026-03-13,1769.18,1784.62,1740.42,1762.52,8457257,MARI,Mari Petroleum
2026-03-16,1815.39,1834.81,1783.31,1809.06,7773956,MARI,Mari Petroleum
2026-03-17,1846.71,1895.05,1803.05,1849.05,13705170,MARI,Mari Petroleum
2026-03-18,1909.65,1942.9,1885.68,1914.29,12159063,MARI,Mari Petroleum
2026-03-19,1980.51,2024.61,1947.05,1985.83,4185638,MARI,Mari Petroleum
2026-03-20,1825.36,1862.42,1799.9,1831.16,12622346,MARI,Mari Petroleum
2026-03-23,1734.3,1771.26,1688.12,1729.69,1553505,MARI,Mari Petroleum
2026-03-24,1688.48,1731.92,1653.83,1692.87,1160897,MARI,Mari Petroleum
2026-03-25,1608.12,1639.51,1574.37,1606.94,1635554,MARI,Mari Petroleum
2026-03-26,1624.61,1637.97,1601.59,1619.78,928744,MARI,Mari Petroleum
2026-03-27,1579.76,1596.37,1554.61,1575.49,2229268,MARI,Mari Petroleum
2026-03-30,1538.73,1548.36,1531.77,1540.07,4368893,MARI,Mari Petroleum
2026-03-31,1564.73,1575.99,1551.47,1563.73,18987409,MARI,Mari Petroleum
2026-04-01,1534.93,1549.53,1516.29,1532.91,1305425,MARI,Mari Petroleum
2026-04-02,1580.79,1614.32,1546.09,1580.21,4907537,MARI,Mari Petroleum
2026-04-03,1536.41,1565.71,1517.75,1541.73,1908841,MARI,Mari Petroleum
2026-04-06,1502.92,1528.09,1472.59,1500.34,907925,MARI,Mari Petroleum
2026-04-07,1494.07,1517.6,1473.58,1495.59,5806094,MARI,Mari Petroleum
2026-04-08,1467.76,1497.38,1447.74,1472.56,2652141,MARI,Mari Petroleum
2026-04-09,1484.41,1512.41,1442.71,1477.56,944190,MARI,Mari Petroleum
2026-04-10,1466.54,1472.91,1451.79,1462.35,23367756,MARI,Mari Petroleum
2026-04-13,1480.97,1483.96,1466.95,1475.46,1211038,MARI,Mari Petroleum
2026-04-14,1471.24,1497.71,1445.78,1471.74,795851,MARI,Mari Petroleum
2026-04-15,1491.85,1510.45,1477.79,1494.12,2391012,MARI,Mari Petroleum
2026-04-16,1471.38,1500.1,1438.43,1469.26,768040,MARI,Mari Petroleum
2026-04-17,1484.69,1498.43,1465.67,1482.05,782070,MARI,Mari Petroleum
2026-01-26,172.61,175.07,169.26,172.16,4576403,MEBL,Meezan Bank
2026-01-27,173.71,176.91,172.0,174.45,1078285,MEBL,Meezan Bank
2026-01-28,175.16,176.92,173.73,175.33,1528122,MEBL,Meezan Bank
2026-01-29,172.0,173.92,168.05,170.99,7137004,MEBL,Meezan Bank
2026-01-30,170.64,172.2,169.43,170.81,1403857,MEBL,Meezan Bank
2026-02-02,174.85,176.86,170.14,173.5,2190528,MEBL,Meezan Bank
2026-02-03,174.49,176.6,171.82,174.21,549814,MEBL,Meezan Bank
2026-02-04,172.38,174.48,171.1,172.79,797914,MEBL,Meezan Bank
2026-02-05,171.31,173.31,169.58,171.45,1563596,MEBL,Meezan Bank
2026-02-06,176.05,179.58,173.58,176.58,928903,MEBL,Meezan Bank
2026-02-09,176.84,178.52,176.07,177.3,2447698,MEBL,Meezan Bank
2026-02-10,181.72,182.92,180.08,181.5,2422322,MEBL,Meezan Bank
2026-02-11,178.26,179.18,177.06,178.12,3266781,MEBL,Meezan Bank
2026-02-12,181.43,183.56,180.28,181.92,2996868,MEBL,Meezan Bank
2026-02-13,189.29,192.82,185.57,189.2,1594264,MEBL,Meezan Bank
2026-02-16,192.34,194.42,190.74,192.58,5926692,MEBL,Meezan Bank
2026-02-17,189.96,192.41,187.84,190.12,1407938,MEBL,Meezan Bank
2026-02-18,192.39,193.35,191.22,192.29,1964803,MEBL,Meezan Bank
2026-02-19,190.31,193.44,186.77,190.1,4955739,MEBL,Meezan Bank
2026-02-20,192.16,194.37,191.05,192.71,2026722,MEBL,Meezan Bank
2026-02-23,194.88,196.43,194.23,195.33,1204163,MEBL,Meezan Bank
2026-02-24,193.64,197.96,190.14,194.05,3965564,MEBL,Meezan Bank
2026-02-25,189.35,192.64,186.56,189.6,5916265,MEBL,Meezan Bank
2026-02-26,183.77,187.18,181.56,184.37,1185811,MEBL,Meezan Bank
2026-02-27,183.28,185.31,183.09,184.2,2003917,MEBL,Meezan Bank
2026-03-02,183.07,185.02,180.33,182.68,564436,MEBL,Meezan Bank
2026-03-03,186.8,190.35,183.99,187.17,849782,MEBL,Meezan Bank
2026-03-04,185.0,186.06,183.48,184.77,2896265,MEBL,Meezan Bank
2026-03-05,181.61,186.07,177.61,181.84,305618,MEBL,Meezan Bank
2026-03-06,184.99,188.84,181.82,185.33,676187,MEBL,Meezan Bank
2026-03-09,183.53,186.63,180.03,183.33,800290,MEBL,Meezan Bank
2026-03-10,184.34,187.11,181.88,184.5,935686,MEBL,Meezan Bank
2026-03-11,185.12,187.92,183.44,185.68,1255964,MEBL,Meezan Bank
2026-03-12,187.34,189.92,181.69,185.8,834536,MEBL,Meezan Bank
2026-03-13,187.1,190.11,185.2,187.66,1465342,MEBL,Meezan Bank
2026-03-16,188.64,192.31,184.56,188.44,17485011,MEBL,Meezan Bank
2026-03-17,198.71,202.88,194.07,198.48,10357984,MEBL,Meezan Bank
2026-03-18,203.53,205.88,200.09,202.99,7804479,MEBL,Meezan Bank
2026-03-19,209.22,211.21,207.32,209.26,103309039,MEBL,Meezan Bank
2026-03-20,218.79,223.53,213.33,218.43,98718854,MEBL,Meezan Bank
2026-03-23,213.63,218.98,209.91,214.44,29627895,MEBL,Meezan Bank
2026-03-24,212.66,216.04,207.79,211.92,76150351,MEBL,Meezan Bank
2026-03-25,201.85,204.17,198.65,201.41,75831324,MEBL,Meezan Bank
2026-03-26,191.65,194.04,189.81,191.93,15466969,MEBL,Meezan Bank
2026-03-27,188.63,193.5,184.55,189.02,5299941,MEBL,Meezan Bank
2026-03-30,183.21,184.57,181.0,182.78,1671470,MEBL,Meezan Bank
2026-03-31,181.89,184.54,178.27,181.4,1785665,MEBL,Meezan Bank
2026-04-01,180.39,183.75,177.98,180.86,4811418,MEBL,Meezan Bank
2026-04-02,178.16,180.7,176.9,178.8,714809,MEBL,Meezan Bank
2026-04-03,177.18,181.95,173.16,177.56,405832,MEBL,Meezan Bank
2026-04-06,174.47,178.61,171.01,174.81,3377797,MEBL,Meezan Bank
2026-04-07,171.63,175.78,167.6,171.69,2564300,MEBL,Meezan Bank
2026-04-08,171.29,173.15,169.36,171.26,1318660,MEBL,Meezan Bank
2026-04-09,174.89,179.56,171.96,175.76,2539658,MEBL,Meezan Bank
2026-04-10,180.2,182.16,180.22,181.19,4025108,MEBL,Meezan Bank
2026-04-13,178.66,179.92,177.1,178.51,1327536,MEBL,Meezan Bank
2026-04-14,180.15,183.62,175.73,179.68,3028280,MEBL,Meezan Bank
2026-04-15,175.36,179.82,171.23,175.53,2567240,MEBL,Meezan Bank
2026-04-16,173.16,175.84,170.27,173.05,11891763,MEBL,Meezan Bank
2026-04-17,170.63,173.2,167.79,170.49,1347240,MEBL,Meezan Bank
2026-01-26,54.33,55.32,52.71,54.01,802289,BAFL,Bank Alfalah
2026-01-27,54.34,55.55,53.72,54.64,4937154,BAFL,Bank Alfalah
2026-01-28,54.63,55.58,53.86,54.72,2101901,BAFL,Bank Alfalah
2026-01-29,55.25,55.62,54.95,55.28,1340516,BAFL,Bank Alfalah
2026-01-30,56.29,57.02,55.92,56.47,2682599,BAFL,Bank Alfalah
2026-02-02,57.11,58.12,56.53,57.32,2996897,BAFL,Bank Alfalah
2026-02-03,58.0,58.81,56.49,57.65,823082,BAFL,Bank Alfalah
2026-02-04,56.89,57.63,56.4,57.02,472406,BAFL,Bank Alfalah
2026-02-05,56.88,57.35,56.27,56.81,4449049,BAFL,Bank Alfalah
2026-02-06,56.49,56.78,55.87,56.33,1760255,BAFL,Bank Alfalah
2026-02-09,55.48,56.89,54.35,55.62,982945,BAFL,Bank Alfalah
2026-02-10,54.19,55.14,53.07,54.1,6968023,BAFL,Bank Alfalah
2026-02-11,53.04,54.07,52.4,53.24,18704397,BAFL,Bank Alfalah
2026-02-12,54.57,55.02,53.39,54.21,3012793,BAFL,Bank Alfalah
2026-02-13,53.81,54.19,53.46,53.83,1453478,BAFL,Bank Alfalah
2026-02-16,54.04,55.04,53.09,54.07,12879865,BAFL,Bank Alfalah
2026-02-17,54.13,55.4,52.84,54.12,2354700,BAFL,Bank Alfalah
2026-02-18,53.95,54.42,53.73,54.08,3876027,BAFL,Bank Alfalah
2026-02-19,52.7,53.35,52.26,52.81,2457385,BAFL,Bank Alfalah
2026-02-20,51.0,52.08,50.08,51.08,1130942,BAFL,Bank Alfalah
2026-02-23,50.01,50.52,49.61,50.06,5485232,BAFL,Bank Alfalah
2026-02-24,49.18,49.6,49.06,49.33,1757359,BAFL,Bank Alfalah
2026-02-25,48.76,49.6,48.06,48.83,3133573,BAFL,Bank Alfalah
2026-02-26,47.65,48.15,47.26,47.71,1561983,BAFL,Bank Alfalah
2026-02-27,46.5,47.13,45.99,46.56,7576754,BAFL,Bank Alfalah
2026-03-02,48.62,49.49,47.86,48.68,29559873,BAFL,Bank Alfalah
2026-03-03,51.74,52.99,50.59,51.79,16022395,BAFL,Bank Alfalah
2026-03-04,48.12,48.97,47.17,48.07,57989350,BAFL,Bank Alfalah
2026-03-05,45.38,45.77,45.12,45.45,31044593,BAFL,Bank Alfalah
2026-03-06,43.3,43.93,42.38,43.15,24505379,BAFL,Bank Alfalah
2026-03-09,39.78,40.38,39.16,39.77,1193435,BAFL,Bank Alfalah
2026-03-10,40.44,41.12,39.92,40.52,5494593,BAFL,Bank Alfalah
2026-03-11,40.23,40.8,39.72,40.26,2879806,BAFL,Bank Alfalah
2026-03-12,39.47,40.22,39.05,39.64,4928768,BAFL,Bank Alfalah
2026-03-13,40.92,41.57,40.51,41.04,3834113,BAFL,Bank Alfalah
2026-03-16,39.65,39.93,39.37,39.65,603364,BAFL,Bank Alfalah
2026-03-17,40.08,40.26,39.63,39.95,3544421,BAFL,Bank Alfalah
2026-03-18,41.14,41.94,40.09,41.01,1827869,BAFL,Bank Alfalah
2026-03-19,40.95,41.21,40.7,40.95,1621998,BAFL,Bank Alfalah
2026-03-20,40.1,40.57,39.94,40.25,2880344,BAFL,Bank Alfalah
2026-03-23,41.39,41.51,40.76,41.13,4437254,BAFL,Bank Alfalah
2026-03-24,41.2,41.48,40.48,40.98,189001,BAFL,Bank Alfalah
2026-03-25,41.9,42.87,41.0,41.93,6471353,BAFL,Bank Alfalah
2026-03-26,41.61,41.97,41.36,41.67,4088465,BAFL,Bank Alfalah
2026-03-27,42.44,42.37,41.95,42.16,1259020,BAFL,Bank Alfalah
2026-03-30,40.42,41.21,39.38,40.3,576113,BAFL,Bank Alfalah
2026-03-31,40.0,40.86,39.04,39.95,5906436,BAFL,Bank Alfalah
2026-04-01,38.94,39.65,38.15,38.9,5654889,BAFL,Bank Alfalah
2026-04-02,39.73,40.24,38.82,39.53,1763208,BAFL,Bank Alfalah
2026-04-03,39.35,39.66,38.91,39.28,1746189,BAFL,Bank Alfalah
2026-04-06,38.87,39.56,38.0,38.78,5070469,BAFL,Bank Alfalah
2026-04-07,39.34,40.41,38.49,39.45,2214282,BAFL,Bank Alfalah
2026-04-08,38.36,39.11,37.83,38.47,3752286,BAFL,Bank Alfalah
2026-04-09,38.11,38.81,37.08,37.94,7473259,BAFL,Bank Alfalah
2026-04-10,37.81,38.58,37.21,37.9,2012829,BAFL,Bank Alfalah
2026-04-13,38.32,38.59,37.76,38.17,9233619,BAFL,Bank Alfalah
2026-04-14,37.87,38.7,37.32,38.01,14768893,BAFL,Bank Alfalah
2026-04-15,38.7,39.07,38.4,38.73,3023848,BAFL,Bank Alfalah
2026-04-16,39.62,40.4,38.79,39.59,8223717,BAFL,Bank Alfalah
2026-04-17,38.64,39.27,38.66,38.96,2184642,BAFL,Bank Alfalah
2026-01-26,128.99,131.14,126.11,128.63,396676,EFERT,Engro Fertilizers
2026-01-27,127.06,128.25,125.68,126.96,2476490,EFERT,Engro Fertilizers
2026-01-28,125.47,126.24,123.7,124.97,1542835,EFERT,Engro Fertilizers
2026-01-29,126.25,127.5,125.21,126.35,1213537,EFERT,Engro Fertilizers
2026-01-30,127.44,127.79,126.08,126.94,8513498,EFERT,Engro Fertilizers
2026-02-02,126.42,127.69,125.45,126.57,2967287,EFERT,Engro Fertilizers
2026-02-03,127.73,130.05,124.93,127.49,8480000,EFERT,Engro Fertilizers
2026-02-04,125.56,126.35,124.85,125.6,2114399,EFERT,Engro Fertilizers
2026-02-05,126.79,128.01,126.13,127.07,7868770,EFERT,Engro Fertilizers
2026-02-06,124.81,126.78,122.36,124.57,12095779,EFERT,Engro Fertilizers
2026-02-09,123.54,126.43,120.59,123.51,1543933,EFERT,Engro Fertilizers
2026-02-10,123.69,124.49,122.65,123.57,3971644,EFERT,Engro Fertilizers
2026-02-11,125.34,127.36,124.27,125.82,745030,EFERT,Engro Fertilizers
2026-02-12,121.25,122.47,119.82,121.15,1077314,EFERT,Engro Fertilizers
2026-02-13,122.97,124.85,120.74,122.79,4511999,EFERT,Engro Fertilizers
2026-02-16,124.24,125.98,123.17,124.57,1116988,EFERT,Engro Fertilizers
2026-02-17,125.88,128.84,123.19,126.01,3684654,EFERT,Engro Fertilizers
2026-02-18,127.91,127.68,126.4,127.04,5593245,EFERT,Engro Fertilizers
2026-02-19,128.98,131.15,126.29,128.72,6284644,EFERT,Engro Fertilizers
2026-02-20,125.39,127.99,123.8,125.89,816234,EFERT,Engro Fertilizers
2026-02-23,128.29,131.38,125.63,128.51,1675355,EFERT,Engro Fertilizers
2026-02-24,131.66,132.31,130.4,131.36,1688519,EFERT,Engro Fertilizers
2026-02-25,126.59,128.12,125.21,126.67,2107507,EFERT,Engro Fertilizers
2026-02-26,130.65,133.67,128.06,130.87,928723,EFERT,Engro Fertilizers
2026-02-27,131.79,134.64,129.19,131.91,2559455,EFERT,Engro Fertilizers
2026-03-02,132.21,133.74,130.84,132.29,1658771,EFERT,Engro Fertilizers
2026-03-03,137.2,139.22,134.68,136.95,1669540,EFERT,Engro Fertilizers
2026-03-04,139.56,142.57,135.8,139.18,2669105,EFERT,Engro Fertilizers
2026-03-05,139.09,141.46,135.78,138.62,222760,EFERT,Engro Fertilizers
2026-03-06,138.67,140.77,136.14,138.46,3991686,EFERT,Engro Fertilizers
2026-03-09,140.37,141.84,138.1,139.97,4850150,EFERT,Engro Fertilizers
2026-03-10,142.35,144.01,140.58,142.3,2319531,EFERT,Engro Fertilizers
2026-03-11,143.35,144.43,142.42,143.42,1469821,EFERT,Engro Fertilizers
2026-03-12,141.75,144.77,139.16,141.96,19662127,EFERT,Engro Fertilizers
2026-03-13,149.33,150.98,147.66,149.32,10816184,EFERT,Engro Fertilizers
2026-03-16,153.92,154.47,151.62,153.04,32063444,EFERT,Engro Fertilizers
2026-03-17,154.06,158.58,150.94,154.76,4933658,EFERT,Engro Fertilizers
2026-03-18,148.57,149.73,147.36,148.54,5759065,EFERT,Engro Fertilizers
2026-03-19,140.88,141.18,139.11,140.14,13791616,EFERT,Engro Fertilizers
2026-03-20,143.62,145.63,143.93,144.78,4581224,EFERT,Engro Fertilizers
2026-03-23,142.15,144.21,139.24,141.73,7748685,EFERT,Engro Fertilizers
2026-03-24,142.51,144.63,141.07,142.85,821781,EFERT,Engro Fertilizers
2026-03-25,144.05,146.13,142.93,144.53,1296658,EFERT,Engro Fertilizers
2026-03-26,147.84,149.12,145.49,147.31,2465148,EFERT,Engro Fertilizers
2026-03-27,143.97,146.88,140.43,143.65,6244864,EFERT,Engro Fertilizers
2026-03-30,146.46,149.03,142.95,145.99,652332,EFERT,Engro Fertilizers
2026-03-31,144.1,146.52,142.77,144.65,3272880,EFERT,Engro Fertilizers
2026-04-01,146.16,147.38,143.86,145.62,1196395,EFERT,Engro Fertilizers
2026-04-02,146.49,148.06,144.73,146.4,1876528,EFERT,Engro Fertilizers
2026-04-03,147.19,147.54,144.32,145.93,854365,EFERT,Engro Fertilizers
2026-04-06,147.32,151.0,145.37,148.19,3447356,EFERT,Engro Fertilizers
2026-04-07,148.16,150.67,145.45,148.06,9415461,EFERT,Engro Fertilizers
2026-04-08,147.76,149.42,145.01,147.22,1040189,EFERT,Engro Fertilizers
2026-04-09,149.38,152.07,146.72,149.4,1629544,EFERT,Engro Fertilizers
2026-04-10,152.09,155.08,149.43,152.25,657814,EFERT,Engro Fertilizers
2026-04-13,161.5,164.16,157.5,160.83,2401194,EFERT,Engro Fertilizers
2026-04-14,163.16,166.63,161.28,163.95,2042058,EFERT,Engro Fertilizers
2026-04-15,163.81,166.76,160.39,163.57,583723,EFERT,Engro Fertilizers
2026-04-16,165.45,167.56,163.55,165.56,304364,EFERT,Engro Fertilizers
2026-04-17,164.92,168.33,161.49,164.91,1784115,EFERT,Engro Fertilizers
2026-01-26,143.96,146.17,141.51,143.84,3026348,FFC,Fauji Fertilizer
2026-01-27,144.02,146.32,140.81,143.57,13383632,FFC,Fauji Fertilizer
2026-01-28,141.24,144.42,140.0,142.21,1650801,FFC,Fauji Fertilizer
2026-01-29,139.94,141.74,139.5,140.62,6703213,FFC,Fauji Fertilizer
2026-01-30,141.75,144.59,138.03,141.31,5508445,FFC,Fauji Fertilizer
2026-02-02,141.72,143.17,140.36,141.77,3517723,FFC,Fauji Fertilizer
2026-02-03,141.83,143.35,140.16,141.75,2935973,FFC,Fauji Fertilizer
2026-02-04,141.08,142.59,139.86,141.23,800836,FFC,Fauji Fertilizer
2026-02-05,140.21,141.14,138.48,139.81,650505,FFC,Fauji Fertilizer
2026-02-06,141.43,142.01,140.5,141.26,819429,FFC,Fauji Fertilizer
2026-02-09,140.59,142.5,139.07,140.79,3642970,FFC,Fauji Fertilizer
2026-02-10,137.06,138.89,135.84,137.37,6641373,FFC,Fauji Fertilizer
2026-02-11,140.18,140.85,138.34,139.6,2796607,FFC,Fauji Fertilizer
2026-02-12,143.56,146.01,141.26,143.63,641767,FFC,Fauji Fertilizer
2026-02-13,144.08,146.12,142.1,144.11,3070787,FFC,Fauji Fertilizer
2026-02-16,142.95,144.7,140.08,142.39,970617,FFC,Fauji Fertilizer
2026-02-17,141.46,143.83,139.55,141.69,894796,FFC,Fauji Fertilizer
2026-02-18,138.6,139.82,138.08,138.95,3074529,FFC,Fauji Fertilizer
2026-02-19,136.75,138.91,134.67,136.79,8767167,FFC,Fauji Fertilizer
2026-02-20,139.85,142.84,136.82,139.83,2315955,FFC,Fauji Fertilizer
2026-02-23,136.13,137.51,134.07,135.79,4353483,FFC,Fauji Fertilizer
2026-02-24,134.87,137.42,133.18,135.3,1561165,FFC,Fauji Fertilizer
2026-02-25,134.97,137.0,131.92,134.46,2415966,FFC,Fauji Fertilizer
2026-02-26,134.74,137.63,132.08,134.86,5374251,FFC,Fauji Fertilizer
2026-02-27,134.4,136.76,132.08,134.42,2039798,FFC,Fauji Fertilizer
2026-03-02,133.19,136.49,130.19,133.34,3443402,FFC,Fauji Fertilizer
2026-03-03,134.83,136.08,133.18,134.63,4082842,FFC,Fauji Fertilizer
2026-03-04,134.82,137.63,133.13,135.38,2798171,FFC,Fauji Fertilizer
2026-03-05,134.82,135.45,134.09,134.77,5010920,FFC,Fauji Fertilizer
2026-03-06,135.6,138.59,134.42,136.51,5552732,FFC,Fauji Fertilizer
2026-03-09,139.03,141.33,136.46,138.9,3047706,FFC,Fauji Fertilizer
2026-03-10,140.11,141.65,138.99,140.32,4113276,FFC,Fauji Fertilizer
2026-03-11,140.5,141.33,138.91,140.12,2220118,FFC,Fauji Fertilizer
2026-03-12,138.05,139.74,135.38,137.56,4137029,FFC,Fauji Fertilizer
2026-03-13,137.06,139.65,135.27,137.46,4269712,FFC,Fauji Fertilizer
2026-03-16,139.93,140.44,138.88,139.66,877162,FFC,Fauji Fertilizer
2026-03-17,138.12,140.76,135.77,138.26,1678398,FFC,Fauji Fertilizer
2026-03-18,139.32,140.81,137.57,139.19,1675838,FFC,Fauji Fertilizer
2026-03-19,139.43,142.13,136.61,139.37,12594425,FFC,Fauji Fertilizer
2026-03-20,141.37,143.85,137.68,140.76,46993314,FFC,Fauji Fertilizer
2026-03-23,142.58,143.49,141.28,142.39,22036368,FFC,Fauji Fertilizer
2026-03-24,136.1,136.7,135.04,135.87,13372623,FFC,Fauji Fertilizer
2026-03-25,131.17,134.07,128.61,131.34,26995727,FFC,Fauji Fertilizer
2026-03-26,128.12,129.57,126.8,128.18,13779254,FFC,Fauji Fertilizer
2026-03-27,127.28,129.33,124.99,127.16,5621644,FFC,Fauji Fertilizer
2026-03-30,128.78,131.77,127.4,129.58,937717,FFC,Fauji Fertilizer
2026-03-31,127.55,128.65,126.1,127.37,2680626,FFC,Fauji Fertilizer
2026-04-01,125.83,128.62,123.42,126.02,3949608,FFC,Fauji Fertilizer
2026-04-02,125.66,127.91,123.99,125.95,1785909,FFC,Fauji Fertilizer
2026-04-03,124.72,127.54,121.7,124.62,4649180,FFC,Fauji Fertilizer
2026-04-06,125.21,128.23,122.27,125.25,1908062,FFC,Fauji Fertilizer
2026-04-07,126.07,126.31,124.86,125.58,3812252,FFC,Fauji Fertilizer
2026-04-08,126.91,130.02,124.23,127.13,16919330,FFC,Fauji Fertilizer
2026-04-09,126.44,128.29,124.71,126.5,5147310,FFC,Fauji Fertilizer
2026-04-10,125.28,126.66,124.0,125.33,6858663,FFC,Fauji Fertilizer
2026-04-13,124.77,126.54,122.16,124.35,4809784,FFC,Fauji Fertilizer
2026-04-14,122.07,124.55,120.16,122.36,417443,FFC,Fauji Fertilizer
2026-04-15,120.67,122.13,118.77,120.45,803722,FFC,Fauji Fertilizer
2026-04-16,122.79,123.94,121.75,122.85,1525616,FFC,Fauji Fertilizer
2026-04-17,119.5,121.92,116.73,119.33,2875876,FFC,Fauji Fertilizer
2026-01-26,488.16,495.76,477.08,486.42,4881415,KOHC,Kohat Cement
2026-01-27,477.05,479.84,474.64,477.24,3399681,KOHC,Kohat Cement
2026-01-28,486.5,496.32,476.01,486.17,7954594,KOHC,Kohat Cement
2026-01-29,491.17,500.04,486.94,493.49,4666018,KOHC,Kohat Cement
2026-01-30,497.8,505.5,491.06,498.28,2067016,KOHC,Kohat Cement
2026-02-02,508.43,519.84,494.92,507.38,18543975,KOHC,Kohat Cement
2026-02-03,505.61,511.91,499.56,505.74,5847716,KOHC,Kohat Cement
2026-02-04,507.75,520.79,495.99,508.39,4396133,KOHC,Kohat Cement
2026-02-05,495.71,495.29,489.94,492.62,2938997,KOHC,Kohat Cement
2026-02-06,501.48,508.11,491.59,499.85,4258076,KOHC,Kohat Cement
2026-02-09,509.08,514.38,501.59,507.98,3020313,KOHC,Kohat Cement
2026-02-10,505.98,515.77,496.74,506.25,15226102,KOHC,Kohat Cement
2026-02-11,516.58,526.4,511.45,518.92,1874751,KOHC,Kohat Cement
2026-02-12,506.29,519.77,497.84,508.8,4278824,KOHC,Kohat Cement
2026-02-13,495.69,505.72,490.73,498.23,1983514,KOHC,Kohat Cement
2026-02-16,499.5,508.5,487.12,497.81,3160232,KOHC,Kohat Cement
2026-02-17,491.5,494.0,487.06,490.53,20427435,KOHC,Kohat Cement
2026-02-18,499.16,508.35,490.23,499.29,10003376,KOHC,Kohat Cement
2026-02-19,514.95,517.92,512.01,514.97,11936300,KOHC,Kohat Cement
2026-02-20,518.45,526.09,513.81,519.95,3453122,KOHC,Kohat Cement
2026-02-23,525.37,526.31,520.81,523.56,6817504,KOHC,Kohat Cement
2026-02-24,516.99,528.92,505.52,517.22,5903109,KOHC,Kohat Cement
2026-02-25,514.7,523.99,510.79,517.39,9951900,KOHC,Kohat Cement
2026-02-26,510.45,519.02,504.87,511.95,1177336,KOHC,Kohat Cement
2026-02-27,511.57,515.07,500.79,507.93,4697803,KOHC,Kohat Cement
2026-03-02,517.29,525.04,505.05,515.04,10064859,KOHC,Kohat Cement
2026-03-03,521.87,527.11,511.94,519.52,3305241,KOHC,Kohat Cement
2026-03-04,514.5,523.44,502.33,512.88,6991472,KOHC,Kohat Cement
2026-03-05,515.05,520.88,511.75,516.32,8598646,KOHC,Kohat Cement
2026-03-06,513.41,515.89,509.79,512.84,11079590,KOHC,Kohat Cement
2026-03-09,508.94,518.2,500.73,509.46,11819012,KOHC,Kohat Cement
2026-03-10,498.97,508.66,489.49,499.07,675226,KOHC,Kohat Cement
2026-03-11,504.89,513.33,497.31,505.32,5333395,KOHC,Kohat Cement
2026-03-12,499.7,508.18,487.3,497.74,3749456,KOHC,Kohat Cement
2026-03-13,497.69,507.19,486.15,496.67,2394969,KOHC,Kohat Cement
2026-03-16,497.67,503.96,491.71,497.84,13051265,KOHC,Kohat Cement
2026-03-17,515.21,521.36,513.12,517.24,16502646,KOHC,Kohat Cement
2026-03-18,534.91,540.54,525.56,533.05,74602897,KOHC,Kohat Cement
2026-03-19,505.78,510.02,497.89,503.96,89191465,KOHC,Kohat Cement
2026-03-20,485.13,493.59,483.31,488.45,26891230,KOHC,Kohat Cement
2026-03-23,459.72,465.53,458.34,461.94,2602031,KOHC,Kohat Cement
2026-03-24,470.95,482.41,458.9,470.66,12974228,KOHC,Kohat Cement
2026-03-25,467.96,476.59,461.99,469.29,1880916,KOHC,Kohat Cement
2026-03-26,474.26,481.54,460.28,470.91,7378542,KOHC,Kohat Cement
2026-03-27,462.21,470.12,452.58,461.35,6632635,KOHC,Kohat Cement
2026-03-30,459.38,461.81,454.59,458.2,2120031,KOHC,Kohat Cement
2026-03-31,452.22,463.91,447.59,455.75,9594784,KOHC,Kohat Cement
2026-04-01,448.89,455.76,443.04,449.4,2126453,KOHC,Kohat Cement
2026-04-02,445.3,457.18,443.28,450.23,1145040,KOHC,Kohat Cement
2026-04-03,448.95,451.17,440.5,445.84,4866774,KOHC,Kohat Cement
2026-04-06,441.92,450.13,433.49,441.81,5231760,KOHC,Kohat Cement
2026-04-07,439.44,447.28,428.91,438.1,2770838,KOHC,Kohat Cement
2026-04-08,429.83,431.18,424.1,427.64,2194229,KOHC,Kohat Cement
2026-04-09,422.38,427.42,416.86,422.14,4295165,KOHC,Kohat Cement
2026-04-10,419.42,421.81,415.79,418.8,3434608,KOHC,Kohat Cement
2026-04-13,418.66,423.26,412.47,417.86,5680126,KOHC,Kohat Cement
2026-04-14,417.45,426.19,408.33,417.26,2718354,KOHC,Kohat Cement
2026-04-15,417.34,421.77,410.35,416.06,4191019,KOHC,Kohat Cement
2026-04-16,429.86,437.66,418.94,428.3,3715631,KOHC,Kohat Cement
2026-04-17,435.56,437.19,432.68,434.94,4799393,KOHC,Kohat Cement
