date,open,high,low,close,volume,ticker,company,daily_return,return_3d,return_7d,ma5,ma20,ma50,volatility_7d,volatility_20d,vol_ma10,vol_ratio,price_vs_ma20,rsi,bb_upper,bb_lower,bb_width,if_anomaly,if_score,zscore_anomaly,return_zscore,vol_zscore,pump_signal,dump_signal,alert_score,alert_level
2025-11-13,179.72,182.31,176.73,179.52,415741744,OGDC,Oil & Gas Dev Company,0.08125037643799327,0.14592110302566086,0.11683463979096675,163.952,160.0375,162.045,0.03636169022550768,0.026971631051614615,81202410.3,5.119820242577209,0.12173709286809829,74.14120124261376,170.9446832921438,149.1303167078562,0.13630784400000806,1,0.0564424429870517,1,3.303,3.896,1,0,3.5,High
2025-11-17,207.27,212.63,202.6,207.61,432767029,OGDC,Oil & Gas Dev Company,0.0807954604612422,0.25043666807203535,0.3231994901210964,181.678,163.94400000000002,163.0968,0.03768236509675985,0.03360078633619798,129228722.9,3.348845514281562,0.2663470453309279,83.31293348066937,191.27111581831068,136.61688418168936,0.3333713440948613,1,0.09308235386452202,1,3.285,2.203,1,0,3.0,High
2025-12-18,259.1,261.0,256.26,258.63,152576483,MCB,MCB Bank,0.024683042789223508,0.0422745224470058,0.03846617145151576,251.272,248.75799999999998,226.4914,0.01614442667460428,0.014989708239708402,21404251.1,7.128326157601467,0.03968515585412461,61.43352098613971,258.94741783368835,238.56858216631164,0.08192233281862206,1,0.00914904884422496,1,0.968,5.905,0,0,2.5,High
2025-11-20,72.97,73.63,72.13,72.88,18734672,HUBC,Hub Power Company,0.026768103691180434,0.06658861407873551,0.00524137931034474,69.738,73.9265,76.84899999999999,0.03322262569425816,0.02810198322940994,3955458.5,4.7364096981424515,-0.014155952195570639,41.62601623647299,80.77685926833476,67.07614073166525,0.18532892178696656,1,0.02612786147097712,1,1.299,4.114,0,0,2.5,High
2026-03-19,306.98,310.01,306.29,308.15,60898258,PSO,Pakistan State Oil,0.035519860205659004,0.052101471542217226,0.05574208578868012,299.296,289.16999999999996,280.1178,0.018587999750191053,0.013199774184678088,8999563.8,6.76680107540323,0.06563613099538121,77.00466692664267,306.3070045899435,272.0329954100564,0.11852546661053566,1,0.06829780127526808,1,1.855,5.622,0,0,2.5,High
2026-03-13,987.83,1002.93,966.96,984.95,154188711,LUCK,Lucky Cement,0.033601628661076965,0.05770986136317258,0.09766970166386213,945.8459999999999,899.5630000000001,843.617,0.009518714365629363,0.011598129036253001,21341262.1,7.224910611073934,0.09492053363678254,84.90501100503397,964.1988238945431,834.9271761054571,0.14370494094237127,1,0.03505254334440455,1,1.782,6.186,0,0,2.5,High
2025-11-11,159.45,161.98,157.06,159.52,16246945,EFERT,Engro Fertilizers,-0.00499001996007975,0.017152330549002004,0.05182645391006213,157.71599999999998,147.0615,139.23239999999998,0.014911422014275507,0.015672991461787873,3717710.2,4.37014832409476,0.08471625816352546,87.20715162697594,166.66223927177262,127.46076072822738,0.2665652026076075,1,0.062204017150862656,1,-0.402,4.324,0,0,2.5,High
2025-12-05,142.47,144.92,141.08,143.0,13664507,FFC,Fauji Fertilizer,0.04884846706762502,0.1101622544833476,0.12262521588946473,133.21800000000002,131.5325,133.6754,0.02541994213578269,0.019600252844141988,2552586.7,5.353199952032969,0.08718377587222031,74.85814050423332,141.081819898627,121.983180101373,0.14520091838221588,1,0.10674528279800155,1,2.832,5.2,0,0,2.5,High
2025-12-08,148.44,150.81,145.7,148.26,18109532,FFC,Fauji Fertilizer,0.03678321678321672,0.15010472422620436,0.1583717477927964,137.064,132.1055,133.8474,0.0257472528182205,0.020740404718699826,4217178.7,4.294229220118178,0.12228484052426053,81.81818177636163,144.05844541987557,120.15255458012444,0.1809606022426785,1,0.11787620485202943,1,2.11,3.938,0,0,2.5,High
2025-12-04,80.5,80.46,79.41,79.93,80102886,HUBC,Hub Power Company,0.06275761201967844,0.12056638160661715,0.11758948545861303,74.022,72.12,75.52839999999999,0.026474809003100817,0.02881268943949548,13842908.7,5.786564640132315,0.10829173599406142,75.28195483769044,77.69951139154831,66.5404886084517,0.15472854662980987,1,0.1376670237549935,1,2.982,5.277,0,0,2.5,High
2025-11-14,51.83,52.87,51.08,51.98,180913771,BAFL,Bank Alfalah,0.04904137235116046,0.14746136865342163,0.13716910960402529,48.0,45.972500000000004,47.0212,0.029318566665676088,0.023374686697608928,27108592.3,6.673668960671189,0.1306759475745134,76.85459932670888,49.725190964319246,42.21980903568076,0.1632580766431068,1,0.11595128114926456,1,2.148,5.113,0,0,2.5,High
2026-02-02,169.76,174.38,166.77,170.58,22292262,UBL,United Bank Limited,-0.023191891427589706,0.0022915564956813572,-0.042331012800359225,171.608,176.29749999999999,187.676,0.0173940375217558,0.016126763579984892,4731541.7,4.711416154273774,-0.032430976048823966,38.571428556,186.61064108055373,165.98435891944624,0.11699702015621607,1,0.00039277994106889924,1,-1.263,5.132,0,0,2.5,High
2025-12-08,1675.46,1691.4,1673.84,1682.62,9917609,MARI,Mari Petroleum,-0.014224617728045064,-0.06524746259867675,0.026269403189899565,1748.2580000000003,1670.6845,1658.8464,0.031569868984057566,0.03158721595130547,2446124.8,4.054416602129211,0.007144077771711341,64.49505817656693,1833.0167856592868,1508.3522143407133,0.1943302708071926,1,0.017405189755357986,1,-0.667,3.328,0,0,2.5,High
2026-01-28,157.12,160.52,154.19,157.36,35604526,HBL,Habib Bank Limited,0.03984669265842866,0.02984293193717269,0.02234927234927242,153.842,152.2015,143.5574,0.022668752989231804,0.015687575606379105,6696672.4,5.316748957288099,0.033892570046721686,65.4943336882798,157.36059937060637,147.04240062939365,0.06779301610788933,1,0.04018443925155191,1,1.792,4.748,0,0,2.5,High
2026-01-16,397.0,408.78,389.46,399.12,24329308,KOHC,Kohat Cement,-0.012445874056662087,-0.012787850305473802,-0.027674917170142255,403.92199999999997,432.71999999999997,448.153,0.021883756332906526,0.0257582082398554,6161522.5,3.948587057825399,-0.07764836383786819,35.1769911472379,488.34377416745156,377.0962258325484,0.25708899134462493,1,0.021569303475729606,1,-0.711,3.525,0,0,2.0,High
2025-12-12,130.85,134.1,128.12,131.11,512354,FFC,Fauji Fertilizer,-0.0627635999714059,-0.12488319316513141,0.01706617019626111,142.76799999999997,133.11599999999999,134.06799999999998,0.047088577425368566,0.02769151620188181,4375207.4,0.11710393431863364,-0.01506956338820955,54.4586728576852,148.4509527138769,117.7810472861231,0.23039984244961834,1,0.08682913031959705,1,-3.849,-1.04,0,0,2.0,High
2025-11-20,178.58,182.68,175.64,179.16,2807007,OGDC,Oil & Gas Dev Company,-0.11495331719606783,-0.13703578825682783,0.09819786686281717,196.41000000000003,168.95250000000001,164.6642,0.07186205184282807,0.04473413758948853,135831844.7,0.020665308685158423,0.060416389221465,62.4873096357886,204.711793455283,133.19320654471704,0.42330588129884217,1,0.0803867197358965,1,-4.772,-0.978,0,0,2.0,High
2025-11-21,162.65,166.74,158.91,162.83,12249217,OGDC,Oil & Gas Dev Company,-0.09114757758428216,-0.18893205817892,-0.019273625248449,190.55800000000002,169.2635,164.70719999999997,0.08237321888877744,0.048863551206036464,136114646.6,0.08999190980524502,-0.038008785118835264,52.09925379187819,204.6773446165664,133.8496553834336,0.41844632323397746,1,0.06867924150672922,1,-3.792,-0.912,0,0,2.0,High
2025-12-11,77.48,78.86,76.65,77.76,2049847,PPL,Pakistan Petroleum,0.08165252469049933,0.11740192556401774,0.11981566820276512,71.69800000000001,68.885,70.5264,0.03088992791500148,0.02178491314298418,2655773.6,0.7718455368334105,0.12883791826770938,85.41806012067877,73.99721653441364,63.77278346558637,0.14842756868227971,1,0.10066192098446236,1,3.494,-0.248,0,0,2.0,High
2026-02-02,257.82,260.75,255.16,257.96,5510823,ENGRO,Engro Corporation,-0.07838513754912468,-0.12201763044144187,-0.05053553682505807,281.822,289.0445,270.626,0.043260222437746146,0.04096292187166507,15014140.5,0.3670421893281203,-0.1075422642530562,24.021831037463997,326.48563947602497,251.6033605239751,0.25906834052123734,1,0.03353919035916375,1,-3.597,-0.909,0,0,2.0,High
2026-01-01,447.35,449.79,442.53,446.16,14516463,KOHC,Kohat Cement,-0.06369226249186788,0.0033282360349016216,-0.05132893897512225,455.004,458.45500000000004,457.32120000000003,0.03503712677209736,0.024477900489245044,8377501.0,1.7327915568138994,-0.02681833549633704,45.81566067992318,479.6722060266892,437.2377939733109,0.09255960138571015,1,0.001005105808105533,1,-3.567,0.845,0,0,2.0,High
2026-01-16,281.86,285.18,281.41,283.3,2624435,PSO,Pakistan State Oil,-0.07172581015105339,-0.1315676537306113,0.01694306841840776,310.466,292.7855,295.311,0.04900108171763409,0.029374387658718578,14077076.9,0.18643323600796693,-0.032397437714530276,52.22683014126239,321.83874004034726,263.73225995965277,0.19846092132464221,1,0.10349032160506555,1,-3.714,-0.776,0,0,2.0,High
2026-01-09,298.11,303.37,291.68,297.53,23694544,ENGRO,Engro Corporation,0.06196237998358134,0.008337004778527168,0.056419542678596724,290.024,272.988,257.4254,0.030182498438837198,0.019908849576601616,6938751.0,3.4148139917400115,0.08990138760645183,72.34999998733878,303.40921254374297,242.56678745625703,0.2228758227001299,1,0.032847593672503894,1,2.858,3.321,0,0,2.0,High
2026-02-03,165.21,167.15,164.94,166.05,14853238,HBL,Habib Bank Limited,-0.07162026165716207,0.014355528405620266,0.08671465968586389,166.958,156.2865,147.031,0.04622108946953183,0.02800100955294707,14991415.4,0.990782898324597,0.062471806585581935,60.750228712708086,171.20094411159522,141.37205588840476,0.1908602996611966,1,0.05127014986792555,1,-3.313,-0.036,0,0,2.0,High
2026-04-10,160.09,162.19,157.48,159.83,7532637,EFERT,Engro Fertilizers,0.05714663668232034,0.045323741007194274,0.053384301061095485,154.364,151.058,151.03820000000002,0.023595854258998347,0.01775904440066194,5647087.0,1.3338978131557029,0.05807041004079195,71.89030359103933,157.8448715372523,144.2711284627477,0.08985782331564522,1,0.05417387465446011,1,3.532,0.45,0,0,2.0,High
2026-03-23,334.07,339.07,328.67,333.87,5058700,PSO,Pakistan State Oil,0.05852699660759009,0.12195039989246603,0.1381673143792188,310.756,294.1625,280.5756,0.025704185056779447,0.017214092980189895,9690503.7,0.5220265278883284,0.13498491480003397,86.60360083594067,319.97268393457904,268.352316065421,0.17548248967486524,1,0.08545754356856117,1,3.05,-0.45,0,0,2.0,High
2026-03-18,1117.89,1129.05,1086.25,1107.65,31857265,LUCK,Lucky Cement,0.06300383877159321,0.12457485151530534,0.20388887681238188,1017.392,926.8365,861.0822000000001,0.020161119102716212,0.01816880796789754,31177835.5,1.0217920676372803,0.19508672780992656,93.78153931214312,1052.830164715418,800.842835284582,0.2718789445933174,1,0.060435205082765786,1,3.431,-0.025,0,0,2.0,High
2025-10-27,147.87,149.03,146.78,147.91,1521307,EFERT,Engro Fertilizers,0.05634909298671609,0.09255429162357798,0.09864071900765059,139.37199999999999,134.30349999999999,132.5686,0.021325194359657115,0.01873580743713031,6946335.7,0.21900856303273677,0.10131158160359709,79.11971827085651,142.89318849383105,125.71381150616892,0.1279145888791745,1,0.09241827054302953,1,3.481,-0.972,0,0,2.0,High
2026-01-12,297.35,301.05,295.49,298.27,12429322,MCB,MCB Bank,0.10123684696326363,0.16384423287029826,0.22051722726900724,266.796,255.379,244.86720000000003,0.03883893294054929,0.038556052252065674,14739102.5,0.8432889316021785,0.16795037963118362,66.18259097736157,283.7157627315697,227.04223726843028,0.22191928648368708,1,0.10175697994193622,1,4.052,-0.166,0,0,2.0,High
2025-11-19,46.12,47.3,45.1,46.2,2411131,BAFL,Bank Alfalah,-0.07618476304739041,-0.11119661408233927,0.021897810218978186,50.176,46.6005,47.043800000000005,0.05259570136429031,0.032303027164515545,32175127.8,0.07493772876327161,-0.008594328386849918,49.46236555594098,51.7430632560139,41.457936743986096,0.22070850123511754,1,0.029950633620439482,1,-3.34,-0.885,0,0,2.0,High
2026-03-26,182.95,183.65,181.25,182.45,4496184,UBL,United Bank Limited,0.059093283798687946,0.04418245292737355,0.024079479119892166,175.59599999999998,172.643,170.1582,0.0264334403767565,0.01797467271961143,2623051.7,1.7141042244802107,0.056805083321902324,67.79379154797358,180.73375391712085,164.55224608287915,0.0937281432444291,1,0.00966623987851678,1,3.192,1.009,0,0,2.0,High
2025-12-23,823.28,839.28,805.93,822.6,89809635,LUCK,Lucky Cement,-0.049358033537113766,0.004886391399951062,-0.039063595159104625,835.844,853.493,848.1304000000001,0.027272031849005018,0.01961151455819141,18251570.8,4.920652363795449,-0.03619596177117309,41.69221059960471,887.2004185806098,819.7855814193903,0.07898698309317191,0,-0.024095050903292226,1,-2.871,3.878,0,0,1.5,Medium
2025-11-12,166.26,168.82,163.25,166.03,282997861,OGDC,Oil & Gas Dev Company,0.017714846144415874,0.07525419338125783,0.04975973697521496,159.428,158.921,161.9242,0.02285089087820134,0.020562940671100864,39750564.7,7.119341904594376,0.044732917612872285,54.04933962729403,164.8805227643619,152.96147723563809,0.07499981455344992,0,-0.025566205445144652,1,0.688,5.807,0,0,1.5,Medium
2026-03-12,960.17,959.35,946.52,952.93,27493563,LUCK,Lucky Cement,0.013669049442600611,0.03572593091754883,0.0701307160183271,931.7639999999999,893.356,839.5484000000001,0.003520451385174955,0.009873192234252181,6245488.6,4.402147655829521,0.06668562140953133,81.90594058459834,946.2408191927766,840.4711808072234,0.11839584486524388,0,-0.05145120033908446,1,0.664,3.359,0,0,1.5,Medium
2026-03-11,188.46,189.87,187.57,188.72,59188625,MEBL,Meezan Bank,0.02755090928890347,0.036581346808744364,-0.01183369986386007,183.506,187.86599999999999,187.21,0.018412189070297284,0.020998045953701933,14764500.6,4.008847072010007,0.004545793278163519,49.49640286108036,199.51103671097687,176.2209632890231,0.1239717320953754,0,-0.07340335096694872,1,1.074,3.584,0,0,1.5,Medium
2026-03-10,183.2,185.88,181.43,183.66,44849953,MEBL,Meezan Bank,0.017506925207756208,0.0058601237745767865,-0.037471830616844004,182.94400000000002,188.45350000000002,187.29319999999998,0.013486899336521347,0.019981826657153857,8887850.0,5.046209488233936,-0.025435982881583982,44.35931306153154,201.39353217274126,175.51346782725878,0.1373286478910986,0,-0.026566614429685886,1,0.675,4.815,0,0,1.5,Medium
2025-10-30,1575.41,1601.31,1540.72,1571.01,11793089,MARI,Mari Petroleum,-0.016637560325239886,-0.004202479653152902,-0.01760913473864567,1576.7060000000001,1636.3790000000001,1643.9840000000002,0.012292870272717053,0.018408725665782055,2530195.9,4.660939099616751,-0.03994734716099399,33.86093035016329,1747.3870338297045,1525.3709661702958,0.13567521195228796,0,-0.005660782598661207,1,-0.774,3.992,0,0,1.5,Medium
2026-02-25,1655.86,1664.57,1646.1,1655.33,16035764,MARI,Mari Petroleum,0.016294304360905842,0.03905568353723221,0.04429976468510066,1625.548,1692.3555000000001,1705.151,0.016390638291336804,0.01895804130171828,3806874.5,4.212317479864386,-0.0218780864894984,35.471754806448814,1836.5706649044614,1548.1403350955388,0.17043128929397644,0,-0.015936759940357925,1,0.691,3.501,0,0,1.5,Medium
2025-12-17,252.02,257.69,247.1,252.4,34159261,MCB,MCB Bank,0.009519238460923063,0.021159525832423087,0.0010311731577694605,248.05599999999998,248.17799999999997,225.375,0.01481877118158433,0.014701869851816776,6903103.6,4.948391763959619,0.017011983334473745,58.63910820202167,257.2620139516458,239.0939860483541,0.0732056342754737,0,-0.06737742645707845,1,0.357,3.799,0,0,1.5,Medium
2025-11-13,49.6,50.73,48.36,49.55,42395009,BAFL,Bank Alfalah,0.033152627189324324,0.09599646095996461,0.08543263964950709,46.594,45.6755,47.0032,0.026558973583516745,0.02123025501351276,9738165.6,4.353490250771664,0.084826657615465,72.5593666652743,48.148218299659874,43.202781700340125,0.10827328872615463,0,-0.0034325869053988267,1,1.452,3.004,0,0,1.5,Medium
2025-11-20,68.57,69.17,67.96,68.56,13470762,PPL,Pakistan Petroleum,-0.005367764398665376,0.008383585821444495,0.04036418816388454,68.14399999999999,70.45450000000001,75.8076,0.006726661905066981,0.02303352081919244,3329391.5,4.046013212924943,-0.026889694767163456,24.581005559127348,79.09377013242715,61.815229867572874,0.24524395552603498,0,-0.018132577524216265,1,-0.191,3.608,0,0,1.5,Medium
2026-03-25,65.03,66.01,64.03,65.02,18990471,PPL,Pakistan Petroleum,0.01768664892784466,0.03288324066719617,-0.007479774080293211,63.388,65.9625,72.4208,0.0252695790008512,0.0283992663482714,3507597.8,5.414095937681338,-0.014288421451365869,47.175421176389705,70.78599458380454,61.139005416195474,0.1462495989003269,0,-0.0027867750345536013,1,0.785,5.219,0,0,1.5,Medium
2025-11-28,160.42,164.08,156.58,160.33,18202430,EFERT,Engro Fertilizers,-0.016561369073176624,-0.004779639975170613,0.012503946952952427,161.942,159.58800000000002,146.7338,0.017012690503062717,0.013975990104199601,4358200.6,4.176592972797075,0.0046494723913786794,50.02123139276873,164.79794433751647,154.37805566248358,0.06529243223154373,0,-0.05934588506967453,1,-1.134,4.077,0,0,1.5,Medium
2026-04-16,44.14,44.77,43.61,44.19,22222493,BAFL,Bank Alfalah,-0.03578442068514076,-0.021479185119574806,-0.019307589880159903,45.029999999999994,44.994,43.896,0.018283138963540377,0.02060547490296748,3836931.8,5.791735208845775,-0.01786904920616378,44.170616055129024,46.52812275635919,43.45987724364081,0.06819232592457183,0,-0.05787476559467053,1,-1.569,4.311,0,0,1.5,Medium
2026-03-18,44.88,45.07,44.46,44.76,31283502,BAFL,Bank Alfalah,0.020519835841313228,0.020054694621695512,0.03252595155709326,44.094,43.323,42.3022,0.011782087446637217,0.018815741652044828,6764807.5,4.624448219701742,0.03316944809839643,55.93705282072691,45.09724973024172,41.54875026975828,0.08190798098934823,0,-0.09408061543743734,1,0.898,3.25,0,0,1.5,Medium
2026-02-25,282.57,288.07,276.07,282.07,31854305,PSO,Pakistan State Oil,0.012200810995083744,0.024256508950942335,0.09025200989486692,275.83399999999995,263.835,278.23220000000003,0.00957436579401422,0.013493582775775663,7151439.9,4.454250534916751,0.06911516667588039,79.15985995079966,281.64914517794773,246.02085482205223,0.1350400453152935,0,-0.01989694967554756,1,0.644,3.374,0,0,1.5,Medium
2026-01-07,278.01,283.03,274.14,278.58,53570248,PSO,Pakistan State Oil,-0.02399887888449015,-0.011987515959710593,0.000790343440149277,283.316,286.198,297.1934,0.013340564343743077,0.011679918958495912,10114600.5,5.296328609320753,-0.026617935834538947,35.33853509955344,295.88101301520106,276.5149869847989,0.06766653166805674,0,-0.0017212733019488224,1,-1.236,4.192,0,0,1.5,Medium
2026-04-06,159.6,162.86,156.37,159.61,9028707,FFC,Fauji Fertilizer,0.02183098591549304,0.030140699625661682,0.03253978522447931,155.00799999999998,152.62199999999999,147.5726,0.01872750073785897,0.016966964577159908,1941273.6,4.650919375815957,0.04578632176196251,60.976466425933566,158.5426564358681,146.70134356413186,0.07758588454913883,0,-0.05329780237351689,1,1.215,4.363,0,0,1.5,Medium
2026-01-08,154.99,156.61,154.05,155.33,13869514,EFERT,Engro Fertilizers,0.009947984395318521,-0.027850794842908977,-0.035696548298981834,157.294,159.596,159.1404,0.011701753393464643,0.014919590625128334,3156556.5,4.393874780951963,-0.026729993232745566,48.34224596517681,166.22808913660012,152.9639108633999,0.08311096940472894,0,-0.006851751947735574,1,0.544,4.355,0,0,1.5,Medium
2026-01-16,246.54,252.01,242.06,247.03,6812895,MCB,MCB Bank,-0.055442970213742115,-0.14025684752723344,-0.036093335414390415,274.504,257.2685,249.0526,0.05884426890989332,0.04222902255747239,14953063.9,0.45561866421235575,-0.039796943659873706,50.405047509692544,289.5496447491536,224.98735525084646,0.2509529518695688,1,0.02295705752452193,0,-2.259,-0.54,0,0,1.0,Medium
2026-01-19,233.68,236.68,231.72,234.2,3815854,MCB,MCB Bank,-0.051937011698984015,-0.15864348325908906,-0.11257625705733032,261.69,255.91950000000003,249.4518,0.059181434344816715,0.04224482378953815,11370535.6,0.33559140345156646,-0.08486848403468734,43.95604395153564,289.7310623169916,222.10793768300846,0.26423592041137506,1,0.0704146273301467,0,-2.118,-0.656,0,0,1.0,Medium
2026-01-15,261.82,264.13,258.93,261.53,4340362,MCB,MCB Bank,-0.060461273171432794,-0.12317698729339188,0.06890914292720796,279.268,258.6875,248.31040000000002,0.056598097497160375,0.04316274909696213,14682670.9,0.29561120245499745,0.010988161391597912,56.974098697955554,291.5632129200268,225.81178707997321,0.25417318517438764,1,0.04513495042335158,0,-2.462,-0.695,0,0,1.0,Medium
2026-01-28,222.48,223.66,220.63,222.14,3517068,MCB,MCB Bank,-0.026640960476733033,-0.0393945945945946,-0.05149444918872759,227.902,248.41500000000002,249.5988,0.01054312839791186,0.038114944887572014,3592168.4,0.9790932964055914,-0.10577058551172136,31.66213012166763,291.92140581993,204.90859418007005,0.35027197085324824,1,0.006813176829856937,0,-1.099,-0.035,0,0,1.0,Medium
2026-02-04,183.63,188.34,180.27,184.31,17349487,UBL,United Bank Limited,0.051457584574134296,0.05543148370841222,0.06710282538212131,175.38,175.90699999999998,186.75240000000002,0.025196647736095472,0.020968029378246412,6672637.6,2.6000943015397686,0.04776956005134674,68.90182183793965,185.720913002523,166.09308699747697,0.11158069892007959,1,0.013761652747318887,0,2.778,2.228,0,0,1.0,Medium
2026-02-02,233.22,236.69,226.54,231.62,8854118,MCB,MCB Bank,-0.0022830066767176582,0.04267579004231581,0.009017643214985771,229.10999999999999,247.01949999999997,248.8052,0.021084615136566356,0.039306991960318005,3614013.6,2.4499404208108118,-0.06234123216967738,14.798432955804657,291.9866114786891,202.05238852131083,0.3640774228634347,1,0.0013868942153550945,0,-0.118,1.386,0,0,1.0,Medium
2025-12-09,182.43,184.8,180.9,182.85,17824707,MEBL,Meezan Bank,-0.004897959183673528,-0.014869888475836479,-0.045319271132459704,184.722,192.81,191.2642,0.00951214510573239,0.023881991581348228,4715039.7,3.780393832102834,-0.051657071728376906,31.75646078745973,206.55366533505915,179.06633466494085,0.14256174819758174,0,-0.05392425210935936,1,-0.214,3.313,0,0,1.0,Medium
2026-01-15,177.94,179.94,175.74,177.84,24303296,MEBL,Meezan Bank,-0.012767847229932183,0.013622114562553467,0.015184381778741818,177.892,186.764,189.0052,0.02064058290990751,0.024863299013925463,6812639.8,3.567383086949643,-0.04778222783808563,25.953641168765245,207.39491844270333,166.1330815572967,0.22093035534249483,0,-0.04984973916483637,1,-0.527,3.06,0,0,1.0,Medium
2026-02-05,178.0,179.77,175.78,177.77,24499761,UBL,United Bank Limited,-0.0354836959470457,0.04215031070465458,0.04233362650249184,176.516,175.528,186.2418,0.029650771405079306,0.02228822237176093,8735160.8,2.804729250090049,0.012772890934706975,55.37914690105907,184.3408365706559,166.71516342934407,0.10041516533664956,1,0.019280279145239998,0,-1.928,2.509,0,0,1.0,Medium
2026-01-16,172.38,177.16,169.3,173.23,12639314,UBL,United Bank Limited,0.022790340674263332,-0.02995856198902469,-0.05560704355885093,175.416,186.6135,194.3244,0.018558456674485118,0.017780133734334503,5343201.6,2.365494500525677,-0.07171774817967769,14.317562541480115,203.44145578165978,169.7855442183402,0.18035089403038496,1,0.033679851979069086,0,1.226,1.905,0,0,1.0,Medium
2026-01-15,169.88,172.52,166.22,169.37,3081354,UBL,United Bank Limited,-0.027056525735294157,-0.06847431525684733,-0.07941080552233926,177.594,187.4215,195.03100000000003,0.01322256260208526,0.016601646464078464,4231096.1,0.7282637707047116,-0.09631499054219335,21.38636362955883,203.05304068575933,171.7899593142407,0.1668062702056692,1,0.019288088116022895,0,-1.472,-0.347,0,0,1.0,Medium
2026-03-24,343.03,347.97,335.12,341.55,57894920,PSO,Pakistan State Oil,0.023002965225986216,0.10838877170209327,0.14196395733725642,319.312,297.30649999999997,280.8822,0.025750908698321747,0.017394946964547308,15272637.4,3.7907611163478543,0.14881443897072963,87.91133138880963,329.6602989471986,264.95270105280133,0.21764609214457015,1,0.09331585570032452,0,1.205,2.728,0,0,1.0,Medium
2026-02-09,165.34,166.92,164.78,165.85,10914022,UBL,United Bank Limited,-0.028696925329429024,-0.10015734360588147,-0.036260096461154134,174.794,174.061,184.93079999999998,0.03571210283774622,0.02440820090385092,11098398.0,0.9833871519114739,-0.047173117470041194,40.54524360851443,182.3828593570148,165.7391406429852,0.09562003386131289,1,0.02373865664689545,0,-1.561,0.004,0,0,1.0,Medium
2026-03-16,217.15,221.09,212.34,216.71,58710893,MEBL,Meezan Bank,0.03753530904390301,0.148314963967783,0.1868667506435182,198.72200000000004,189.357,188.6654,0.02605996684457359,0.025027519664283723,26647837.9,2.203214130179019,0.14445201392003232,78.19748175787339,207.59337671768913,171.12062328231087,0.1926137055149038,1,0.003466646005805707,0,1.47,1.442,0,0,1.0,Medium
2026-03-13,208.43,213.0,204.73,208.87,39510797,MEBL,Meezan Bank,0.06756963966266283,0.13726451050854838,0.12350061857888228,191.48,187.9875,187.9456,0.0297842148680045,0.02714721338593671,22052585.3,1.7916628124322458,0.11108451359738764,68.32147195006945,200.91637405037756,175.05862594962247,0.1375503589367247,1,0.023938254875107146,0,2.663,0.953,0,0,1.0,Medium
2025-10-27,76.83,77.75,75.52,76.64,10759388,PPL,Pakistan Petroleum,0.04357298474945548,0.10575674505843313,0.08724641793162169,72.264,74.265,86.7392,0.025036790451029467,0.03521369115682641,5539459.6,1.9423172614166189,0.03198007136562337,48.72298622074177,87.32014216093033,61.20985783906966,0.35158263410097734,1,0.007218408765360174,0,1.881,1.13,0,0,1.0,Medium
2025-10-23,72.51,74.55,70.93,72.74,13054655,PPL,Pakistan Petroleum,0.04948780839705669,0.03973699256718133,0.02522903453135994,70.136,75.1425,88.18620000000001,0.021428822623228524,0.033330462545109976,4331921.9,3.0135942663232216,-0.03197258542060792,28.006589772912918,89.4427994079806,60.842200592019395,0.3806181430692429,1,0.0027867750345536013,0,2.132,2.392,0,0,1.0,Medium
2025-11-24,157.45,160.9,154.85,157.87,1840009,OGDC,Oil & Gas Dev Company,-0.03046121722041395,-0.22012547547300299,-0.120599376114082,180.61,169.237,164.69940000000003,0.07449462917761668,0.04938300359290889,133500699.1,0.013782766775039309,-0.06716616342722233,48.7369069564095,204.6858483073256,133.78815169267438,0.418925510463033,1,0.02865606064909254,0,-1.294,-0.985,0,0,1.0,Medium
2025-12-12,78.03,79.34,76.71,78.03,1592314,PPL,Pakistan Petroleum,0.003472222222222099,0.11935159948357499,0.11887008890163475,73.396,69.433,70.3652,0.030948129742744135,0.021804093357067997,2651589.1,0.6005131036328364,0.12381720507361306,85.27027018960923,75.8970026706609,62.96899732933911,0.1861939616772369,1,0.008425249059143769,0,0.183,-0.45,0,0,1.0,Medium
2025-12-23,79.35,80.92,77.47,79.2,10085854,PPL,Pakistan Petroleum,0.04471705579738816,-0.009380863039399667,0.014994232987312506,78.55799999999999,73.1865,71.3074,0.026343418709613882,0.024160856811701686,2857761.3,3.529284968622116,0.08216679305497382,75.3755364240742,83.15260946632299,63.220390533677005,0.2723483010169038,1,0.02344723431448803,0,1.93,2.999,0,0,1.0,Medium
2026-03-06,70.05,71.7,68.47,70.08,1797277,PPL,Pakistan Petroleum,0.059250302297460644,0.06536941319550005,-0.010449025698955006,67.476,73.023,75.7504,0.039823259653490546,0.029769566456375296,3632683.5,0.4947518824582432,-0.040302370485459316,32.159329121583596,83.65659146142147,62.38940853857852,0.2912395125173125,1,0.03767057517546757,0,2.545,-0.574,0,0,1.0,Medium
2025-11-18,201.32,204.53,196.99,200.76,58369493,OGDC,Oil & Gas Dev Company,-0.03299455710225918,0.11831550802139024,0.3001748591412472,189.202,165.94400000000002,163.7096,0.042294196582572656,0.03516860261936967,134532426.2,0.4338693254013433,0.20980571759021216,75.7974683409979,197.77395437931807,134.11404562068196,0.38362284118891,1,0.0053754827166768715,0,-1.399,-0.583,0,0,1.0,Medium
2025-11-14,191.92,194.01,190.16,192.09,57967610,OGDC,Oil & Gas Dev Company,0.07002005347593587,0.17745494667157047,0.22819693094629145,171.488,161.5515,162.345,0.03551533215994232,0.03009575383134342,86828257.0,0.6676122728111425,0.18903259951044074,78.92838741018379,179.5776135432373,143.5253864567627,0.22316244099405724,1,0.028010780253337475,0,2.841,-0.36,0,0,1.0,Medium
2026-01-09,307.99,314.74,299.53,307.13,2732977,PSO,Pakistan State Oil,0.04693891464412325,0.07602564551728963,0.08776341420223122,290.154,287.937,296.072,0.028501857377678238,0.019455548595129407,11549511.2,0.23663139960416676,0.06665694231701146,62.62610583770346,301.3234929568627,274.5505070431373,0.09298209647816158,1,0.00040146155302067665,0,2.448,-0.727,0,0,1.0,Medium
2026-01-12,318.5,321.49,317.03,319.26,26084376,PSO,Pakistan State Oil,0.03949467652134264,0.1460262761145812,0.1228107195610888,296.752,289.4915,295.93739999999997,0.03007528595004746,0.020849390488740255,13862929.7,1.8815918831356404,0.10283030762525736,68.24056975790862,308.87102286088884,270.1119771391111,0.13388664510579362,1,0.06442787541541117,0,2.061,0.872,0,0,1.0,Medium
2026-03-24,182.2,183.9,181.2,182.55,8523114,MEBL,Meezan Bank,-0.05326210973965351,-0.11081344374086699,-0.1260113946473883,200.102,194.607,192.19439999999997,0.05362542725788375,0.03963482974450627,25788873.6,0.33049578404230884,-0.061955633661368976,48.42016173897046,223.71272387186528,165.50127612813472,0.2991230929176825,1,0.009057233504601858,0,-2.134,-0.781,0,0,1.0,Medium
2026-03-23,193.2,196.32,189.33,192.82,2725941,MEBL,Meezan Bank,-0.054711246200607855,-0.10673584730844077,-0.014464605162279653,209.99,194.613,192.1848,0.05945020299158929,0.03816447145504318,29421557.5,0.09265114533790401,-0.009213156366690782,51.15747639626224,223.7083062591854,165.5176937408146,0.29900681104587984,1,0.020070018176178706,0,-2.192,-1.063,0,0,1.0,Medium
2026-03-20,203.74,208.21,199.76,203.98,6444437,MEBL,Meezan Bank,-0.006429615197272365,-0.12073796284322613,0.08086053412462912,214.76799999999997,194.36,191.83739999999997,0.055483761459479336,0.036023897201100434,29348533.9,0.21958292778638597,0.04949578102464746,57.223827508322586,223.60854868194326,165.11145131805677,0.3009729232536814,1,0.018940387800940095,0,-0.275,-0.912,0,0,1.0,Medium
2026-03-18,214.77,217.0,214.72,215.86,4363141,MEBL,Meezan Bank,-0.06952885900254324,0.03346579211950029,0.19590027700831025,213.81599999999997,192.8815,190.66119999999998,0.04681964813142508,0.033656789871846386,28696854.7,0.15204248150582161,0.11913273175437196,69.1942579188618,221.3482261164588,164.4147738835412,0.29517321377437666,1,0.05156202960097456,0,-2.78,-0.993,0,0,1.0,Medium
2026-01-19,273.11,278.27,268.17,273.22,2277437,PSO,Pakistan State Oil,-0.03558065654782905,-0.14178916949365494,-0.06865284974093255,301.258,291.9035,294.4628,0.045361183219709215,0.030360782877800873,12736233.8,0.17881557733338718,-0.06400574162329666,46.53725522885886,322.24532055738865,261.56167944261136,0.20788939192085534,1,0.04587140706552528,0,-1.837,-0.784,0,0,1.0,Medium
2026-03-17,232.27,236.7,227.28,231.99,26140577,MEBL,Meezan Bank,0.07050897512805121,0.18573984155379497,0.27425024717126223,208.388,191.485,189.8016,0.02765468381571118,0.02868974594085948,28551594.0,0.9155557829801027,0.21153092931450748,85.63596489584837,217.86954691271913,165.1004530872809,0.27557821147955536,1,0.11184476800708443,0,2.779,-0.086,0,0,1.0,Medium
2025-10-28,79.57,81.24,78.51,79.88,7281406,PPL,Pakistan Petroleum,0.04227557411273475,0.09815782238108328,0.14968336211859512,74.402,74.04249999999999,86.182,0.02413345688369176,0.036466053652946646,5949801.6,1.2238065215485503,0.07883985548733723,70.38703865952215,86.51401174730447,61.57098825269552,0.33687440988988854,1,0.00702537219886612,0,1.826,0.284,0,0,1.0,Medium
2026-03-20,1091.72,1101.25,1078.18,1089.71,8403507,LUCK,Lucky Cement,-0.04994768962510898,0.045786948176583575,0.15916730491022046,1077.158,951.6139999999999,875.6296000000001,0.035874836172141066,0.023027042300086807,34664649.3,0.24242296315399334,0.14511766325406628,81.49442449680427,1118.1545799639746,785.0734200360253,0.35001708668388587,1,0.026383171454663512,0,-2.904,-0.806,0,0,1.0,Medium
2026-03-13,137.81,139.08,137.3,138.19,25890125,HBL,Habib Bank Limited,-0.009603669461764497,0.02378130093347175,0.0409792843691148,135.568,134.974,145.5464,0.022400108915298388,0.021333615740163184,6794149.8,3.810649715141694,0.02382681108936671,51.05442174439585,141.176337080742,128.77166291925798,0.09190417533296874,0,-0.08372409247617729,1,-0.473,3.082,0,0,1.0,Medium
2026-01-16,286.36,290.34,284.1,287.22,2729517,ENGRO,Engro Corporation,-0.07446911352431274,-0.1177392105667332,-0.0014254424086499462,313.082,287.76300000000003,263.66360000000003,0.05488827264310304,0.033789814794094944,10264496.9,0.26591824485815757,-0.0018869694852990807,55.669865637010545,327.1114482941563,248.41455170584376,0.27347816289112575,0,-0.001358107294207489,1,-3.417,-1.05,0,0,1.0,Medium
2026-02-05,149.17,152.92,146.36,149.64,572907,HBL,Habib Bank Limited,-0.04584582031499096,-0.1633679973163369,-0.011167646864468583,164.04,156.597,147.90699999999998,0.0548328906496574,0.03262225065740204,14160569.1,0.04045790786755879,-0.04442613843148717,46.388809582508664,171.26778170342251,141.9262182965775,0.1873698947403695,1,0.0868283062536771,0,-2.132,-1.087,0,0,1.0,Medium
2026-02-04,156.8,158.19,155.47,156.83,1290604,HBL,Habib Bank Limited,-0.05552544414333027,-0.07102239071200078,0.007516381857895604,166.852,156.5865,147.55380000000002,0.052719764821384796,0.030860448013738072,14219022.9,0.09076601177708209,0.0015550510420659289,51.44847236472569,171.27853188985904,141.89446811014096,0.1876538767999184,1,0.03179331274874864,0,-2.576,-1.032,0,0,1.0,Medium
2026-02-02,178.15,180.5,177.21,178.86,36575321,HBL,Habib Bank Limited,0.05947162658452809,0.13662938485002551,0.1762462185979219,164.014,155.34699999999998,146.275,0.028596052281868626,0.022087285300682276,13576358.5,2.694045019509465,0.15135792773499765,78.99119673790446,170.03743097071236,140.6565690292876,0.18913053963858745,1,0.10937145536180526,0,2.69,1.847,0,0,1.0,Medium
2025-11-17,119.91,121.87,118.61,120.24,4482010,HBL,Habib Bank Limited,-0.051585423568386246,-0.0747210465563678,-0.06855682082268189,128.044,128.4445,131.8396,0.028810590141002165,0.019965836446843653,3248246.6,1.3798244258918022,-0.06387583742344853,43.01458669036615,135.69236857961465,121.19663142038536,0.11285603633566589,1,0.000710186857838413,0,-2.395,0.394,0,0,1.0,Medium
2025-12-15,129.36,131.93,127.35,129.64,112095,FFC,Fauji Fertilizer,-0.011211959423385154,-0.10444874274661509,-0.04914185125421755,139.044,133.0175,133.9344,0.04060987398990665,0.027342105391842397,4266889.1,0.02627089604930205,-0.025391395868773918,52.35613953935236,148.4183487462627,117.61665125373732,0.23156124188391614,1,0.012059209464373444,0,-0.763,-1.149,0,0,1.0,Medium
2025-12-11,139.76,141.29,138.5,139.89,331610,FFC,Fauji Fertilizer,-0.03364189002486884,-0.05645487656819104,0.08601816629143677,145.14600000000002,133.29250000000002,134.2004,0.03732721967273406,0.02379097458244644,4394192.7,0.07546551156029181,0.04949640827466265,68.97841723839717,148.61148838902741,117.97351161097262,0.2298552189945041,1,0.038238416732470415,0,-2.106,-1.09,0,0,1.0,Medium
2025-12-10,145.26,146.46,143.06,144.76,1762279,FFC,Fauji Fertilizer,-0.03377386196769461,0.012307692307692353,0.12190963341858474,144.436,133.1145,134.19,0.03237825506127212,0.022340902341425033,4451428.9,0.3958906318822703,0.08748483448394063,79.00461433401239,148.19152954828962,118.03747045171038,0.2265272310405908,1,0.028022258116365828,0,-2.114,-0.708,0,0,1.0,Medium
2025-12-09,148.86,153.52,146.12,149.82,3680932,FFC,Fauji Fertilizer,0.010522055847834944,0.09887047088161949,0.1746902932413359,141.266,132.71,134.0786,0.023958529576796152,0.02078134577546771,4522617.2,0.8138942203642614,0.12892773717030412,90.58956911306676,146.8782105247516,118.5417894752484,0.21352137027571166,1,0.07131289998079127,0,0.538,-0.21,0,0,1.0,Medium
2025-12-04,135.7,138.32,134.36,136.34,3263739,FFC,Fauji Fertilizer,0.05763711116282688,0.0566534914361001,0.06883035434305418,130.126,131.0985,133.56459999999998,0.02173254965115911,0.01657361983336188,1229563.8,2.6543876779716493,0.03998138803998536,54.408713653437715,139.12017661960215,123.07682338039787,0.1223763295467294,0,-0.012059209464373444,1,3.358,1.983,0,0,1.0,Medium
2026-02-04,252.24,257.46,246.9,252.18,5854647,ENGRO,Engro Corporation,-0.027083333333333237,-0.09903536977491956,-0.08907672301690495,266.85,285.4785,270.8432,0.04126935845065992,0.040713535166734226,15196009.5,0.38527529217456724,-0.11664100799143666,24.520199804195215,328.0678138437825,242.88918615621748,0.29837142792632954,1,0.01064108543625819,0,-1.238,-0.884,0,0,1.0,Medium
2026-01-19,276.96,281.82,270.61,276.22,4275330,ENGRO,Engro Corporation,-0.038298168651208164,-0.16312185663212742,-0.014098583003176568,305.87600000000003,288.4855,264.211,0.056088879514080474,0.035120225307733934,10316164.3,0.4144301966962662,-0.04251686826532861,49.544920723035624,326.32613951557056,250.64486048442942,0.26233997559974004,1,0.006332635256714569,0,-1.753,-0.843,0,0,1.0,Medium
2026-01-15,310.44,312.11,308.56,310.33,6345677,ENGRO,Engro Corporation,-0.05977701024056237,-0.0061489191353083505,0.05171654183753005,315.144,286.303,262.978,0.04602805167640219,0.028015643045805373,10271935.5,0.6177683845464177,0.0839215795849714,65.69124840623593,327.8421914372819,244.7638085627181,0.29017643152280487,1,0.001358107294207489,0,-2.741,-0.561,0,0,1.0,Medium
2026-03-02,136.18,137.97,133.58,135.78,17678981,HBL,Habib Bank Limited,0.003325205054311553,0.028792241248674078,-0.028477389811104703,134.25,140.84550000000002,147.54219999999998,0.022972108606843792,0.026672714415616618,4593890.3,3.848368124941947,-0.03596494030667682,39.16284402097823,157.8683174735217,123.82268252647833,0.24172327086631554,0,-0.04457077817346089,1,0.119,3.124,0,0,1.0,Medium
2026-01-14,329.67,332.66,327.45,330.06,16860679,ENGRO,Engro Corporation,0.013853478728306001,0.10933351258696611,0.13923788485434208,309.11199999999997,283.49649999999997,261.8038,0.03495557677592705,0.0228383193487517,9795661.0,1.7212395365662405,0.16424717765417138,81.82000399733936,325.77856800449615,241.2144319955038,0.29828987662526374,1,0.009066938387782941,0,0.645,0.97,0,0,1.0,Medium
2026-01-13,327.24,329.93,321.18,325.55,7586239,ENGRO,Engro Corporation,0.04259407526020831,0.16197308776814068,0.1239814942687476,300.62600000000003,279.7,260.2428,0.03567829865403916,0.022903195125652306,8236982.1,0.9209973881089288,0.16392563460792314,81.87993206326722,317.80756686842625,241.5924331315737,0.27248885855051863,1,0.04887726742340426,0,1.967,-0.14,0,0,1.0,Medium
2025-11-04,157.78,159.61,155.37,157.49,1329896,EFERT,Engro Fertilizers,0.0216672072656503,0.034417077175697974,0.12476789030138558,153.196,141.02100000000002,135.8676,0.020038630738899183,0.01649575501941263,3535695.7,0.3761341791942105,0.11678402507345154,91.92458195350605,158.3703308228302,123.67166917716983,0.24605315268941727,1,0.01288504147275571,0,1.286,-0.772,0,0,1.0,Medium
2025-10-30,151.78,154.5,150.0,152.25,9179855,EFERT,Engro Fertilizers,0.012098650535132593,0.029342167534311514,0.11816980023501755,148.278,137.5985,134.0346,0.020303531493473415,0.018161541018801786,5074482.6,1.8090228548620897,0.10648008517457326,88.76058501760403,151.4246784878885,123.7723215121115,0.2009640873670574,1,0.006851751947735574,0,0.68,1.057,0,0,1.0,Medium
2025-10-29,150.43,152.1,148.75,150.43,3092882,EFERT,Engro Fertilizers,-0.00232126276694522,0.07434652192543911,0.1038303492808923,145.30599999999998,136.43,133.531,0.02131396091717474,0.018429551354131525,4304780.4,0.7184761387595983,0.10261672652567165,77.1802325188764,148.928953219328,123.931046780672,0.18322880919499213,1,0.02311930878958912,0,-0.233,-0.335,0,0,1.0,Medium
2025-10-28,150.91,153.11,148.45,150.78,1287877,EFERT,Engro Fertilizers,0.01940369143398013,0.09745978601062677,0.12354694485842033,142.296,135.39249999999998,133.0344,0.020007866725739808,0.01829193829875153,5406955.2,0.23818895336880166,0.11365105157144131,80.05381765486875,146.34788872451657,124.4371112754834,0.16183154494430146,1,0.06511781717664689,0,1.143,-0.948,0,0,1.0,Medium
2025-11-24,41.55,42.17,40.25,41.21,2835484,BAFL,Bank Alfalah,-0.007944150216658619,-0.108008658008658,-0.16831483350151355,44.692,46.2815,46.76480000000001,0.047686166819814746,0.03645121050904307,31845388.0,0.08903907843735488,-0.10957942158077032,39.760147575800644,52.26228070946728,40.300719290532726,0.2584523280074349,1,0.0034325869053988267,0,-0.349,-0.872,0,0,1.0,Medium
2025-11-21,41.55,42.52,40.57,41.54,5010948,BAFL,Bank Alfalah,-0.06651685393258433,-0.16936612677464502,-0.13386155129274402,47.077999999999996,46.458,46.8792,0.05242964009850678,0.036510477943687135,32200923.8,0.15561503859712247,-0.1058590554887025,43.1442608037508,52.000929493365405,40.91507050663459,0.2386210983359635,1,0.04765274452735169,0,-2.916,-0.812,0,0,1.0,Medium
2025-11-20,44.57,45.01,43.99,44.5,524124,BAFL,Bank Alfalah,-0.03679653679653683,-0.1625893865261573,-0.017660044150110354,49.166,46.602000000000004,46.9796,0.054873952633011425,0.03328015077125219,31845591.9,0.01645829041726808,-0.04510536028399851,47.14494872327821,51.74196354687044,41.46203645312957,0.2205898264778395,1,0.01686174043187616,0,-1.613,-0.938,0,0,1.0,Medium
2025-11-18,49.87,50.88,49.14,50.01,29121927,BAFL,Bank Alfalah,-0.05890101618366583,0.009283551967709469,0.1125695216907674,50.528,46.545,47.096399999999996,0.03907597691363107,0.027465381098357857,32223364.8,0.9037518949603922,0.07444408636643146,63.77764489582266,51.72954992209892,41.360450077901085,0.2227758050053724,1,0.0043992312803403655,0,-2.582,-0.132,0,0,1.0,Medium
2025-11-17,53.27,53.62,52.65,53.14,27219977,BAFL,Bank Alfalah,0.022316275490573467,0.10800667222685578,0.15321180555555558,49.586,46.3565,47.082800000000006,0.028935701178397496,0.02318879657178846,29587095.2,0.9199949104838112,0.14633330816290427,79.72318331376303,51.27807559281461,41.434924407185385,0.2123359439435007,1,0.0318975998026888,0,0.977,-0.117,0,0,1.0,Medium
2026-02-06,146.29,147.37,145.09,146.23,1045243,HBL,Habib Bank Limited,-0.02278802459235496,-0.11936163806082523,-0.07072953736654819,159.522,156.29450000000003,148.12480000000002,0.05223866038354409,0.03271616080315226,14159936.5,0.0738169270744964,-0.06439446045724989,44.71041407860853,171.57682067662375,141.0121793233763,0.19555800973835863,1,0.0009181934959442417,0,-1.077,-1.05,0,0,1.0,Medium
2026-04-06,189.42,193.38,184.15,188.77,11694022,UBL,United Bank Limited,-0.006839585415899352,0.04686113575865147,0.03463962729514947,185.348,177.3185,171.3524,0.018605912979987295,0.019366066030194962,3696653.8,3.163407403744434,0.0645815298456474,62.823301888336374,190.25935375041007,164.37764624958993,0.14596168758857186,0,-0.017396517926260846,1,-0.378,3.003,0,0,1.0,Medium
2026-03-25,1986.77,2003.69,1950.19,1976.94,3168912,MARI,Mari Petroleum,0.034050966608084376,0.06170081361939794,0.14977143455351216,1883.734,1753.5369999999998,1726.5046,0.013613479780588548,0.022845157241061266,2080607.2,1.5230707651112612,0.12740136079242861,76.08090937005886,1939.292123933011,1567.7818760669886,0.21186336408402592,1,0.0063628361269433276,0,1.481,0.555,0,0,1.0,Medium
2025-10-17,80.89,82.01,79.57,80.79,5438836,HUBC,Hub Power Company,0.05044857625796406,0.08603306896088192,-0.0677359796907453,76.13,78.13,83.947,0.04814030557944682,0.03424933746971826,9053397.6,0.6007508164669582,0.03404582106701606,58.19086102534437,85.66834548369711,70.59165451630288,0.19296929434533802,1,0.0030200954388726053,0,2.406,-0.464,0,0,1.0,Medium
2026-02-16,1589.63,1600.65,1569.57,1585.11,4170830,MARI,Mari Petroleum,-0.030323977781584244,-0.06483185840707972,-0.1051502509357164,1662.414,1737.8035,1715.4433999999999,0.016208401862150147,0.019454445372203182,1860253.5,2.242076147148761,-0.0878658030093231,24.971448548305318,1857.810237402969,1617.796762597031,0.13811312660251865,1,0.01477084546040841,0,-1.383,1.343,0,0,1.0,Medium
2025-11-14,1602.45,1631.09,1562.86,1596.98,814866,MARI,Mari Petroleum,-0.019920954438334637,-0.13316904772243687,-0.013552244706347527,1715.4720000000002,1632.325,1654.309,0.045677152246311574,0.02753592176692,5608262.7,0.1452974019922426,-0.021653163432513976,51.69316430745954,1791.164963087644,1473.485036912356,0.19461806084884656,1,0.014789489119461097,0,-0.92,-0.953,0,0,1.0,Medium
2025-11-13,1624.52,1641.78,1617.1,1629.44,2246582,MARI,Mari Petroleum,-0.04876325913471924,-0.09256258179489318,0.014323686684138082,1741.4060000000002,1634.901,1654.1354000000001,0.0449630195868832,0.027711406492224526,5754657.8,0.39039367379933515,-0.003340263416559579,55.954621117494106,1792.9967617728137,1476.8052382271865,0.19340102155753394,1,0.002936827850858692,0,-2.203,-0.685,0,0,1.0,Medium
2025-11-12,1707.38,1748.57,1677.37,1712.97,3672145,MARI,Mari Petroleum,-0.07021038690346948,-0.007922856398227873,0.07309448784368766,1754.4739999999997,1637.911,1654.036,0.03880949956030932,0.02623509103003056,6709308.5,0.5473209347878398,0.04582605526182689,63.70771702671519,1797.8505382998803,1477.9714617001198,0.19529698292493625,0,-0.0036119679664134985,1,-3.157,-0.513,0,0,1.0,Medium
2025-11-11,1838.27,1863.5,1821.14,1842.32,1610617,MARI,Mari Petroleum,0.025990588366329614,0.08705554703265328,0.16257438363339194,1735.664,1634.216,1652.0446,0.01647866494089004,0.020713913179986436,6506738.5,0.24753061768196152,0.12734179569889947,87.04554257866567,1790.2204161858042,1478.2115838141956,0.190922639584619,1,0.017482328362042998,0,1.123,-0.842,0,0,1.0,Medium
2025-11-10,1806.96,1818.01,1773.3,1795.65,9962150,MARI,Mari Petroleum,0.03996177569281567,0.1091653695055963,0.14299081482613096,1688.486,1625.701,1647.0987999999998,0.017042781539495514,0.020280617855568412,6576985.6,1.5146984661179734,0.10453890352524574,78.94690317312373,1749.0527076706403,1502.3492923293597,0.1517520228757495,1,0.028717420019270024,0,1.744,0.546,0,0,1.0,Medium
2026-03-24,1032.44,1050.62,1021.59,1036.1,2617835,LUCK,Lucky Cement,-0.00531853615452571,-0.09668700959023546,0.051931570130463234,1084.4199999999998,967.1045,887.1722,0.043350843297973965,0.02628487470358122,34427224.2,0.07603967676255467,0.07134234201157014,69.24484871746462,1134.4586362657744,799.7503637342256,0.34609318075885565,1,0.0018353910901636183,0,-0.401,-0.972,0,0,1.0,Medium
2026-03-23,1039.39,1051.59,1031.69,1041.64,2079258,LUCK,Lucky Cement,-0.044112653825329584,-0.059594637295174446,0.09309183255853015,1085.6000000000001,959.5195000000001,881.3860000000001,0.04384152404597388,0.026150757652741947,34518538.6,0.06023597997859619,0.08558502458773834,70.88537636511444,1127.456953077972,791.5820469220282,0.35004489867646643,1,0.0016186471673413916,0,-2.577,-0.988,0,0,1.0,Medium
2026-03-19,1150.13,1160.53,1133.46,1147.0,35508314,LUCK,Lucky Cement,0.035525662438495864,0.1476541628728376,0.23173075890508055,1056.2060000000001,940.908,868.9266,0.019193574808672256,0.017977294557526263,34205629.0,1.038083936418769,0.21903522979906745,99.65258929035885,1097.2892193058333,784.5267806941667,0.3324049095249845,1,0.07036492861788035,0,1.89,-0.009,0,0,1.0,Medium
2026-03-17,1042.23,1062.09,1021.91,1042.0,55601237,LUCK,Lucky Cement,0.04259427873888111,0.09346961476708682,0.13937061254838512,983.878,915.259,854.1411999999999,0.01367422657912876,0.01373840859533301,28465670.5,1.9532733999713796,0.13847555719185664,88.59594383130349,1009.9644351577625,820.5535648422375,0.206947836967807,1,0.0012566190417692136,0,2.286,0.907,0,0,1.0,Medium
2026-04-15,484.72,493.52,471.94,482.73,4459336,KOHC,Kohat Cement,0.04645566876219376,0.06300096890689688,0.04034395810435121,462.36199999999997,450.98549999999994,434.0985999999999,0.019218425487813388,0.019584994953527727,4534424.0,0.9834404546200354,0.07038918102672855,77.88474393514663,474.7137398708478,427.2572601291521,0.10522839368802432,1,0.019235471742264254,0,2.572,-0.062,0,0,1.0,Medium
2026-03-18,416.52,426.49,407.12,416.8,19154251,KOHC,Kohat Cement,-0.011643072253444187,-0.02434456928838946,-0.02648666324099591,423.70799999999997,422.881,418.7318,0.00899843461252243,0.010147293036103006,4930687.3,3.884702037381279,-0.014379931942994794,41.946484769484535,432.0233016795601,413.7386983204398,0.04323817660069159,0,-0.020573158229437394,1,-0.666,3.448,0,0,1.0,Medium
2026-02-09,418.0,422.21,414.86,418.54,25760019,KOHC,Kohat Cement,-0.00016722008552105816,0.0062267099410988624,-0.03144886955314363,417.804,413.4755,434.8772,0.009614060850841974,0.014155056995233613,6536231.2,3.941111966785997,0.012248609651570071,60.50925924618626,435.9413885049288,391.0096114950712,0.10866853540233679,0,-0.06281817870906514,1,-0.027,3.516,0,0,1.0,Medium
2026-01-09,401.39,409.95,394.87,402.41,895088,KOHC,Kohat Cement,-0.04014407022230704,-0.03334214129573132,-0.15550565570502184,412.438,447.25550000000004,453.93940000000003,0.02956037743149917,0.026428420479503296,9576282.8,0.09346925301746517,-0.10026819122380774,26.761437703304622,495.0525659636854,399.45843403631466,0.21373494999425838,1,0.05565972204645475,0,-2.254,-1.138,0,0,1.0,Medium
2026-01-06,417.37,420.11,412.48,416.29,6104023,KOHC,Kohat Cement,0.006090340043985787,-0.06694907656446114,-0.07326357969723951,436.282,453.919,456.163,0.03813178943756958,0.025625283833309368,10577639.7,0.5770685307044443,-0.08289805009245496,36.62589736431294,489.4981967010889,418.3398032989111,0.15676451834362748,1,0.013289927986514627,0,0.322,-0.553,0,0,1.0,Medium
2026-01-05,413.46,421.78,405.76,413.77,10765719,KOHC,Kohat Cement,-0.03478118876551284,-0.131665652347275,-0.08778853149319865,444.718,455.3205,456.59979999999996,0.0374703977847755,0.025538523912929694,10257498.0,1.0495462928679098,-0.09125550024632922,36.67220192286011,486.6081013613604,424.03289863863955,0.13743111220027088,1,0.0830778582266194,0,-1.955,0.018,0,0,1.0,Medium
2026-01-02,427.62,432.88,424.48,428.68,17724674,KOHC,Kohat Cement,-0.039178769948000736,-0.06497698867973922,-0.08348833728860672,450.9,456.8965,457.09979999999996,0.03705527718679659,0.025345303642463804,9413143.3,1.8829708031747476,-0.06175687491573746,39.685163883297925,481.91999571692105,431.87300428307896,0.10953682384026264,1,0.005303101828931345,0,-2.201,1.026,0,0,1.0,Medium
2025-12-16,452.95,464.98,442.83,453.9,17579474,KOHC,Kohat Cement,-0.0076085530630986,0.003404368202316599,-0.012939001848428888,455.33599999999996,455.78900000000004,459.6686,0.018179051432469655,0.016698901917901375,4588916.7,3.8308548943588354,-0.004144461581995007,46.75360328545571,473.6341171561249,437.9438828438752,0.07830429060853021,0,-0.11110742096446674,1,-0.441,3.383,0,0,1.0,Medium
2026-03-18,74.42,75.93,72.38,74.15,10249298,HUBC,Hub Power Company,0.046577275935074214,0.0608011444921317,0.08279789719626174,71.13,70.471,75.0078,0.017922777015711117,0.018842970890149652,3549558.9,2.8874849773587354,0.05220587191820459,65.96055508229014,73.70231324126195,67.23968675873806,0.0917061838548081,1,0.00653695554249778,0,2.225,2.067,0,0,1.0,Medium
2025-12-09,78.78,79.31,78.23,78.77,2742692,HUBC,Hub Power Company,-0.06237352696107612,-0.014512698611285013,0.11209939291260773,80.12,73.2335,75.862,0.03885364879307257,0.030763752887733753,19408319.6,0.14131527388903878,0.07560064724373938,65.51174827092134,82.39831205481032,64.0686879451897,0.2502901555895913,1,0.03334303064858635,0,-2.871,-0.973,0,0,1.0,Medium
2025-12-08,84.06,85.35,82.68,84.01,58057063,HUBC,Hub Power Company,0.01608611514271896,0.11700571732482401,0.18424020298844113,78.92800000000001,72.91999999999999,75.829,0.021216814489876466,0.02797794845697091,19291772.5,3.0094208813627676,0.1520844761361483,85.45918362260082,81.70862901708772,64.13137098291226,0.2410485193902141,1,0.10069010862953753,0,0.799,2.202,0,0,1.0,Medium
2025-12-05,82.55,83.82,81.53,82.68,15183259,HUBC,Hub Power Company,0.03440510446640821,0.13555830243098477,0.14198895027624303,76.39200000000001,72.46849999999999,75.6592,0.02722573481466604,0.028084443796297463,15296108.4,0.9926223456941504,0.14090949860779658,80.9400603219853,79.63668196138849,65.3003180386115,0.19782890390416757,1,0.07366186665365959,0,1.656,-0.031,0,0,1.0,Medium
2025-11-11,162.81,165.39,160.88,163.14,48098794,OGDC,Oil & Gas Dev Company,0.041363462274990326,0.0397705544933078,0.05551242236024834,157.502,158.42399999999998,162.0502,0.02337056665322049,0.02107484109827712,11786113.4,4.080971594927976,0.029768216936639908,55.437409357754376,163.4760882602617,153.37191173973827,0.06377932964992455,0,-0.08964228541931196,0,1.662,2.903,0,0,0.5,Low
2026-01-05,237.16,239.88,236.67,238.27,39641137,MCB,MCB Bank,-0.009066333957163608,-0.026555541937328897,-0.07237405590594104,243.714,250.46800000000002,238.7398,0.02010628847160125,0.029445632733376564,9695558.5,4.088587263951839,-0.048700832042222184,43.68890320537497,267.8283002641997,233.10769973580034,0.13862290004416028,0,-0.06421770455864972,0,-0.391,2.969,0,0,0.5,Low
2025-11-28,248.38,252.72,243.41,248.07,27104786,MCB,MCB Bank,0.012695950359242314,0.030918838050118413,0.024997934055036808,243.48000000000002,229.85,215.7094,0.012807160339538366,0.0195116220556936,6613700.1,4.098278662499378,0.07926908853565687,81.8609907488029,257.2504195127318,202.44958048726818,0.23842000881107336,0,-0.027768111927061967,0,0.485,2.978,0,0,0.5,Low
